{"unit": 1, "cycle": [1, 2, 3, 4, 5, 6, 7, 8, 9, 10, 11, 12, 13, 14, 15, 16, 17, 18, 19, 20, 21, 22, 23, 24, 25, 26, 27, 28, 29, 30, 31, 32, 33, 34, 35, 36, 37, 38, 39, 40, 41, 42, 43, 44, 45, 46, 47, 48, 49, 50, 51, 52, 53, 54, 55, 56, 57, 58, 59, 60, 61, 62, 63, 64, 65, 66, 67, 68, 69, 70, 71, 72, 73, 74, 75, 76, 77, 78, 79, 80, 81, 82, 83, 84, 85, 86, 87, 88, 89, 90, 91, 92, 93, 94, 95, 96, 97, 98, 99, 100, 101, 102, 103, 104, 105, 106, 107, 108, 109, 110, 111, 112, 113, 114, 115, 116, 117, 118, 119, 120, 121, 122, 123, 124, 125, 126, 127, 128, 129, 130, 131, 132, 133, 134, 135, 136, 137, 138, 139, 140, 141, 142, 143, 144, 145, 146, 147, 148, 149, 150, 151, 152, 153, 154, 155, 156, 157, 158, 159, 160, 161, 162, 163, 164, 165, 166, 167, 168, 169, 170, 171, 172, 173, 174, 175, 176, 177, 178, 179, 180, 181, 182, 183, 184, 185, 186, 187, 188, 189, 190, 191, 192, 193, 194, 195, 196, 197, 198, 199, 200, 201, 202, 203, 204, 205, 206, 207, 208, 209, 210, 211, 212, 213, 214, 215, 216, 217, 218, 219, 220, 221, 222, 223, 224, 225, 226, 227, 228, 229, 230, 231, 232, 233], "pred_rul": [130.9600067138672, 130.27999877929688, 130.67999267578125, 130.5, 128.13999938964844, 127.75, 123.66000366210938, 116.25, 113.54000091552734, 102.08999633789062, 102.11000061035156, 106.6500015258789, 106.62999725341797, 105.31999969482422, 106.94000244140625, 104.05000305175781, 107.0199966430664, 106.36000061035156, 110.54000091552734, 113.69000244140625, 113.08000183105469, 116.79000091552734, 115.45999908447266, 117.48999786376953, 116.94000244140625, 111.44000244140625, 118.81999969482422, 121.01000213623047, 120.36000061035156, 122.19000244140625, 119.54000091552734, 116.13999938964844, 122.72000122070312, 124.91999816894531, 127.0999984741211, 126.0, 126.16999816894531, 126.43000030517578, 127.72000122070312, 127.80000305175781, 127.08999633789062, 127.66000366210938, 128.8800048828125, 129.0399932861328, 129.41000366210938, 129.05999755859375, 129.02999877929688, 129.5, 129.69000244140625, 127.55000305175781, 124.5199966430664, 123.87000274658203, 125.68000030517578, 128.5500030517578, 127.56999969482422, 125.02999877929688, 122.43000030517578, 124.04000091552734, 126.80999755859375, 126.44999694824219, 126.43000030517578, 125.5, 128.1999969482422, 128.75999450683594, 127.98999786376953, 127.05999755859375, 126.76000213623047, 127.52999877929688, 127.23999786376953, 126.87999725341797, 124.33999633789062, 124.72000122070312, 126.18000030517578, 128.33999633789062, 130.05999755859375, 128.97999572753906, 130.02999877929688, 130.7899932861328, 129.92999267578125, 128.8000030517578, 123.95999908447266, 126.4000015258789, 128.9600067138672, 129.75, 129.16000366210938, 128.2899932861328, 129.3000030517578, 128.89999389648438, 124.1500015258789, 119.87000274658203, 119.75, 119.2300033569336, 121.44999694824219, 121.36000061035156, 122.66999816894531, 128.7899932861328, 129.36000061035156, 129.80999755859375, 126.91999816894531, 124.37000274658203, 129.80999755859375, 128.7100067138672, 126.4800033569336, 124.63999938964844, 124.73999786376953, 129.1999969482422, 126.63999938964844, 127.77999877929688, 126.05000305175781, 125.06999969482422, 126.95999908447266, 127.51000213623047, 127.04000091552734, 125.63999938964844, 126.44999694824219, 130.2899932861328, 129.97999572753906, 128.02999877929688, 128.33999633789062, 126.51000213623047, 123.1500015258789, 124.55000305175781, 126.19999694824219, 125.12999725341797, 123.7300033569336, 124.7699966430664, 121.25, 117.5199966430664, 122.18000030517578, 120.83000183105469, 116.52999877929688, 119.36000061035156, 117.83999633789062, 122.66000366210938, 127.79000091552734, 121.2300033569336, 121.16999816894531, 121.8499984741211, 120.68000030517578, 126.2300033569336, 117.68000030517578, 114.0199966430664, 117.6500015258789, 111.94999694824219, 119.87000274658203, 120.37000274658203, 112.56999969482422, 119.75, 116.38999938964844, 109.56999969482422, 115.08000183105469, 107.5, 114.61000061035156, 116.29000091552734, 113.91000366210938, 116.18000030517578, 111.18000030517578, 113.08999633789062, 113.47000122070312, 110.5, 108.93000030517578, 112.77999877929688, 113.62999725341797, 116.80999755859375, 116.81999969482422, 117.41000366210938, 114.75, 117.23999786376953, 117.2699966430664, 115.3499984741211, 106.79000091552734, 98.48999786376953, 101.4800033569336, 106.27999877929688, 100.75, 91.44999694824219, 90.55000305175781, 84.1500015258789, 84.88999938964844, 79.05999755859375, 79.81999969482422, 83.97000122070312, 83.94000244140625, 85.01000213623047, 82.05000305175781, 84.55999755859375, 87.8499984741211, 82.16000366210938, 81.37000274658203, 76.94000244140625, 65.7300033569336, 66.51000213623047, 68.4800033569336, 65.5999984741211, 64.80000305175781, 65.19000244140625, 65.62000274658203, 71.44000244140625, 76.41999816894531, 75.77999877929688, 70.29000091552734, 72.54000091552734, 81.33000183105469, 80.83000183105469, 78.44000244140625, 74.1500015258789, 70.22000122070312, 74.18000030517578, 68.08000183105469, 65.08000183105469, 65.7300033569336, 62.04999923706055, 68.30000305175781, 71.83999633789062, 68.1500015258789, 70.19000244140625, 63.22999954223633, 62.56999969482422, 63.459999084472656, 64.69000244140625, 69.05000305175781, 61.459999084472656, 56.75, 52.16999816894531, 50.529998779296875, 55.060001373291016, 52.540000915527344, 52.220001220703125, 52.369998931884766, 54.939998626708984, 55.43000030517578, 53.7599983215332, 52.38999938964844], "true_rul": [125.0, 125.0, 125.0, 125.0, 125.0, 125.0, 125.0, 125.0, 125.0, 125.0, 125.0, 125.0, 125.0, 125.0, 125.0, 125.0, 125.0, 125.0, 125.0, 125.0, 125.0, 125.0, 125.0, 125.0, 125.0, 125.0, 125.0, 125.0, 125.0, 125.0, 125.0, 125.0, 125.0, 125.0, 125.0, 125.0, 125.0, 125.0, 125.0, 125.0, 125.0, 125.0, 125.0, 125.0, 125.0, 125.0, 125.0, 125.0, 125.0, 125.0, 125.0, 125.0, 125.0, 125.0, 125.0, 125.0, 125.0, 125.0, 125.0, 125.0, 125.0, 125.0, 125.0, 125.0, 125.0, 125.0, 125.0, 125.0, 125.0, 125.0, 125.0, 125.0, 125.0, 125.0, 125.0, 125.0, 125.0, 125.0, 125.0, 125.0, 125.0, 125.0, 125.0, 125.0, 125.0, 125.0, 125.0, 125.0, 125.0, 125.0, 125.0, 125.0, 125.0, 125.0, 125.0, 125.0, 125.0, 125.0, 125.0, 125.0, 125.0, 125.0, 125.0, 125.0, 125.0, 125.0, 125.0, 125.0, 125.0, 125.0, 125.0, 125.0, 125.0, 125.0, 125.0, 125.0, 125.0, 125.0, 125.0, 125.0, 125.0, 125.0, 125.0, 125.0, 125.0, 125.0, 125.0, 125.0, 125.0, 125.0, 125.0, 125.0, 125.0, 125.0, 125.0, 125.0, 125.0, 125.0, 125.0, 125.0, 125.0, 125.0, 125.0, 125.0, 125.0, 125.0, 125.0, 125.0, 125.0, 125.0, 125.0, 125.0, 124.0, 123.0, 122.0, 121.0, 120.0, 119.0, 118.0, 117.0, 116.0, 115.0, 114.0, 113.0, 112.0, 111.0, 110.0, 109.0, 108.0, 107.0, 106.0, 105.0, 104.0, 103.0, 102.0, 101.0, 100.0, 99.0, 98.0, 97.0, 96.0, 95.0, 94.0, 93.0, 92.0, 91.0, 90.0, 89.0, 88.0, 87.0, 86.0, 85.0, 84.0, 83.0, 82.0, 81.0, 80.0, 79.0, 78.0, 77.0, 76.0, 75.0, 74.0, 73.0, 72.0, 71.0, 70.0, 69.0, 68.0, 67.0, 66.0, 65.0, 64.0, 63.0, 62.0, 61.0, 60.0, 59.0, 58.0, 57.0, 56.0, 55.0, 54.0, 53.0, 52.0, 51.0, 50.0, 49.0, 48.0, 47.0, 46.0, 45.0, 44.0], "true_end": 44.0,