{"unit": 201, "cycle": [1, 2, 3, 4, 5, 6, 7, 8, 9, 10, 11, 12, 13, 14, 15, 16, 17, 18, 19, 20, 21, 22, 23, 24, 25, 26, 27, 28, 29, 30, 31, 32, 33, 34, 35, 36, 37, 38, 39, 40, 41, 42, 43, 44, 45, 46, 47, 48, 49, 50, 51, 52, 53, 54, 55, 56, 57, 58, 59, 60, 61, 62, 63, 64, 65, 66, 67, 68, 69, 70, 71, 72, 73, 74, 75, 76, 77, 78, 79, 80, 81, 82, 83, 84, 85, 86, 87, 88, 89, 90, 91, 92, 93, 94, 95, 96, 97, 98, 99, 100, 101, 102, 103, 104, 105, 106, 107, 108, 109, 110, 111, 112, 113, 114, 115, 116, 117, 118, 119, 120, 121, 122, 123, 124, 125, 126, 127, 128, 129, 130, 131, 132, 133, 134, 135, 136, 137, 138, 139], "pred_rul": [122.2300033569336, 123.38999938964844, 125.27999877929688, 125.80999755859375, 127.0, 126.77999877929688, 128.17999267578125, 125.69000244140625, 127.29000091552734, 128.3000030517578, 128.55999755859375, 127.88999938964844, 125.87999725341797, 127.70999908447266, 130.10000610351562, 128.72999572753906, 129.10000610351562, 129.47999572753906, 126.83000183105469, 129.22000122070312, 128.05999755859375, 128.4499969482422, 128.3800048828125, 127.98999786376953, 125.94000244140625, 126.55000305175781, 124.0999984741211, 124.70999908447266, 126.5199966430664, 124.06999969482422, 123.80000305175781, 121.47000122070312, 121.5199966430664, 120.5, 120.56999969482422, 121.87000274658203, 121.80999755859375, 115.30999755859375, 114.44999694824219, 116.69999694824219, 117.7300033569336, 118.0999984741211, 116.1500015258789, 118.45999908447266, 118.83000183105469, 115.02999877929688, 112.77999877929688, 114.37999725341797, 116.7300033569336, 117.44000244140625, 116.73999786376953, 117.7300033569336, 118.16999816894531, 117.2300033569336, 119.48999786376953, 121.18000030517578, 120.66000366210938, 121.38999938964844, 120.05999755859375, 120.95999908447266, 123.44000244140625, 122.45999908447266, 122.83000183105469, 123.56999969482422, 121.44999694824219, 122.26000213623047, 124.27999877929688, 124.72000122070312, 124.29000091552734, 124.41999816894531, 125.81999969482422, 125.33000183105469, 125.58000183105469, 122.30999755859375, 123.77999877929688, 122.26000213623047, 121.5199966430664, 121.69000244140625, 118.61000061035156, 121.55000305175781, 119.95999908447266, 120.30999755859375, 118.43000030517578, 123.02999877929688, 119.3499984741211, 118.19999694824219, 114.37999725341797, 118.80999755859375, 115.16999816894531, 117.79000091552734, 113.38999938964844, 116.05000305175781, 111.0199966430664, 113.88999938964844, 108.5, 109.12999725341797, 102.77999877929688, 104.73999786376953, 102.77999877929688, 105.08000183105469, 96.48999786376953, 106.02999877929688, 107.80000305175781, 110.2300033569336, 106.5199966430664, 113.94000244140625, 113.63999938964844, 112.05999755859375, 108.83999633789062, 107.79000091552734, 112.54000091552734, 110.29000091552734, 112.08999633789062, 111.80999755859375, 114.41000366210938, 109.47000122070312, 109.06999969482422, 108.55999755859375, 108.0999984741211, 107.0999984741211, 103.22000122070312, 102.76000213623047, 99.2699966430664, 109.36000061035156, 100.0199966430664, 107.6500015258789, 102.91000366210938, 102.77999877929688, 103.51000213623047, 99.86000061035156, 102.05999755859375, 95.0199966430664, 90.62000274658203, 92.12999725341797, 95.08000183105469, 87.86000061035156, 89.81999969482422, 83.70999908447266, 83.31999969482422], "true_rul": [125.0, 125.0, 125.0, 125.0, 125.0, 125.0, 125.0, 125.0, 125.0, 125.0, 125.0, 125.0, 125.0, 125.0, 125.0, 125.0, 125.0, 125.0, 125.0, 125.0, 125.0, 125.0, 125.0, 125.0, 125.0, 125.0, 125.0, 125.0, 125.0, 125.0, 125.0, 125.0, 125.0, 125.0, 125.0, 125.0, 125.0, 125.0, 125.0, 125.0, 125.0, 125.0, 125.0, 125.0, 125.0, 125.0, 125.0, 125.0, 125.0, 125.0, 125.0, 125.0, 125.0, 125.0, 125.0, 125.0, 125.0, 125.0, 125.0, 125.0, 125.0, 125.0, 125.0, 125.0, 125.0, 125.0, 125.0, 125.0, 125.0, 125.0, 125.0, 125.0, 125.0, 124.0, 123.0, 122.0, 121.0, 120.0, 119.0, 118.0, 117.0, 116.0, 115.0, 114.0, 113.0, 112.0, 111.0, 110.0, 109.0, 108.0, 107.0, 106.0, 105.0, 104.0, 103.0, 102.0, 101.0, 100.0, 99.0, 98.0, 97.0, 96.0, 95.0, 94.0, 93.0, 92.0, 91.0, 90.0, 89.0, 88.0, 87.0, 86.0, 85.0, 84.0, 83.0, 82.0, 81.0, 80.0, 79.0, 78.0, 77.0, 76.0, 75.0, 74.0, 73.0, 72.0, 71.0, 70.0, 69.0, 68.0, 67.0, 66.0, 65.0, 64.0, 63.0, 62.0, 61.0, 60.0, 59.0], "true_end": 59.0, "sensors": {"s2": [549.55, 603.96, 555.24, 642.12, 536.25, 548.8, 606.49, 604.56, 641.96, 555.61, 536.25, 548.57, 536.83, 555.07, 535.69, 607.16, 607.03, 536.59, 555.85, 642.39, 606.7, 607.21, 548.96, 642.62, 604.69, 548.97, 604.15, 607.17, 642.45, 604.28, 536.7, 536.23, 549.2, 548.44, 548.39, 641.75, 549.51, 549.93, 536.32, 607.22, 641.51, 536.72, 642.14, 607.06, 642.07, 536.55, 549.35, 536.31, 642.35, 549.26, 607.09, 641.79, 536.22, 536.87, 604.16, 549.12, 549.02, 604.54, 607.35, 604.5, 606.46, 536.8, 549.14, 549.26, 642.32, 548.68, 536.39, 554.84, 536.52, 536.5, 607.15, 606.68, 604.74, 554.91, 604.55, 537.2, 604.71, 604.29, 536.48, 606.97, 604.53, 555.16, 548.84, 603.86, 641.55, 604.45, 549.18, 642.2, 604.95, 604.05, 548.81, 536.8, 604.94, 641.59, 604.46, 642.25, 536.9, 549.45, 548.97, 536.39, 555.5, 549.36, 548.9, 606.78, 549.02, 604.33, 537.04, 536.48, 555.19, 555.7, 555.31, 606.75, 549.02, 604.07, 607.87, 607.24, 554.84, 604.55, 607.17, 607.33, 642.38, 641.48, 549.28, 536.31, 549.06, 548.99, 606.86, 549.45, 642.23, 536.57, 555.11, 555.2, 641.83, 555.65, 549.55, 604.43, 604.47, 549.13, 549.79], "s3": [1351.19, 1502.74, 1360.32, 1586.82, 1253.36, 1351.41, 1483.58, 1499.88, 1582.6, 1352.35, 1258.91, 1346.06, 1247.93, 1363.1, 1256.82, 1475.44, 1474.91, 1255.72, 1357.58, 1582.06, 1480.36, 1477.63, 1349.2, 1578.44, 1491.27, 1351.44, 1493.3, 1479.19, 1587.18, 1488.31, 1253.5, 1258.33, 1342.16, 1343.76, 1345.01, 1582.0, 1351.05, 1358.84, 1254.24, 1474.07, 1583.02, 1253.01, 1584.15, 1487.79, 1576.78, 1261.22, 1345.16, 1260.31, 1576.28, 1348.53, 1486.4, 1583.57, 1245.29, 1255.58, 1491.14, 1348.48, 1349.4, 1496.04, 1473.66, 1490.38, 1476.97, 1250.29, 1346.97, 1348.0, 1578.33, 1342.48, 1250.68, 1353.91, 1264.24, 1247.66, 1478.78, 1477.87, 1500.25, 1361.18, 1500.39, 1254.75, 1499.32, 1494.3, 1258.39, 1483.91, 1491.69, 1364.61, 1350.82, 1487.35, 1579.19, 1497.26, 1349.81, 1588.46, 1493.23, 1490.86, 1356.54, 1257.02, 1495.58, 1592.41, 1502.81, 1591.06, 1261.19, 1350.35, 1347.63, 1259.5, 1364.1, 1346.93, 1347.46, 1478.55, 1352.15, 1499.95, 1254.41, 1262.12, 1365.59, 1362.5, 1357.18, 1469.65, 1351.87, 1494.06, 1486.98, 1477.04, 1356.33, 1494.1, 1479.95, 1481.14, 1583.84, 1589.1, 1350.29, 1263.64, 1347.72, 1340.57, 1481.37, 1356.59, 1583.22, 1250.27, 1363.22, 1360.65, 1587.42, 1365.6, 1344.48, 1500.56, 1500.37, 1359.87, 1354.57], "s4": [1113.15, 1299.38, 1117.96, 1391.69, 1034.17, 1118.87, 1239.78, 1296.73, 1402.25, 1124.9, 1039.03, 1109.66, 1041.19, 1116.37, 1046.26, 1240.1, 1238.66, 1037.79, 1121.56, 1393.62, 1245.27, 1244.61, 1115.38, 1398.89, 1302.46, 1111.12, 1304.96, 1242.35, 1390.84, 1296.66, 1042.95, 1039.7, 1120.78, 1120.27, 1120.59, 1392.37, 1119.07, 1113.28, 1034.41, 1241.8, 1396.28, 1043.54, 1394.58, 1236.06, 1400.64, 1047.82, 1127.65, 1038.07, 1396.72, 1113.95, 1243.55, 1391.24, 1036.82, 1047.69, 1294.74, 1115.41, 1116.22, 1304.33, 1236.12, 1303.72, 1245.53, 1031.6, 1118.96, 1119.49, 1396.49, 1108.62, 1035.45, 1125.91, 1046.59, 1043.53, 1237.34, 1246.29, 1296.24, 1125.51, 1298.75, 1035.32, 1296.89, 1307.09, 1047.99, 1240.24, 1304.5, 1114.09, 1121.1, 1303.5, 1394.91, 1297.83, 1111.59, 1393.81, 1294.52, 1300.81, 1114.04, 1048.04, 1308.03, 1401.84, 1302.9, 1395.92, 1044.69, 1124.51, 1116.61, 1051.58, 1129.36, 1113.95, 1113.24, 1235.73, 1126.46, 1298.11, 1040.68, 1044.27, 1121.78, 1123.89, 1122.18, 1235.93, 1116.76, 1303.95, 1248.19, 1245.17, 1117.94, 1299.91, 1245.26, 1243.45, 1397.24, 1400.58, 1120.38, 1040.18, 1118.37, 1119.07, 1241.43, 1124.22, 1402.64, 1040.83, 1124.16, 1125.29, 1404.78, 1125.94, 1121.27, 1300.71, 1305.33, 1120.74, 1124.67],