{"unit": 65, "cycle": [1, 2, 3, 4, 5, 6, 7, 8, 9, 10, 11, 12, 13, 14, 15, 16, 17, 18, 19, 20, 21, 22, 23, 24, 25, 26, 27, 28, 29, 30, 31, 32, 33, 34, 35, 36, 37, 38, 39, 40, 41, 42, 43, 44, 45, 46, 47, 48, 49, 50, 51, 52, 53, 54, 55, 56, 57, 58, 59, 60, 61, 62, 63, 64, 65, 66, 67, 68, 69, 70, 71], "pred_rul": [130.6699981689453, 131.32000732421875, 132.27000427246094, 131.02000427246094, 130.36000061035156, 127.4800033569336, 124.5199966430664, 123.55999755859375, 121.66000366210938, 122.01000213623047, 125.33999633789062, 124.58999633789062, 126.01000213623047, 123.91999816894531, 124.73999786376953, 125.56999969482422, 125.2699966430664, 126.08000183105469, 126.52999877929688, 123.9000015258789, 121.66000366210938, 123.68000030517578, 126.80000305175781, 126.02999877929688, 126.4000015258789, 123.5999984741211, 116.0, 122.12000274658203, 119.08999633789062, 122.79000091552734, 123.6500015258789, 124.51000213623047, 127.61000061035156, 123.9800033569336, 126.73999786376953, 127.23999786376953, 125.91000366210938, 125.70999908447266, 123.9800033569336, 126.79000091552734, 126.8499984741211, 126.0199966430664, 128.80999755859375, 127.23999786376953, 128.1300048828125, 127.41999816894531, 125.5, 127.19999694824219, 128.58999633789062, 130.4499969482422, 129.4600067138672, 125.19000244140625, 124.4000015258789, 116.97000122070312, 115.45999908447266, 115.02999877929688, 112.30000305175781, 114.94999694824219, 115.5999984741211, 117.75, 115.31999969482422, 113.19000244140625, 121.36000061035156, 117.8499984741211, 121.20999908447266, 121.41000366210938, 121.27999877929688, 125.79000091552734, 124.93000030517578, 119.02999877929688, 120.73999786376953], "true_rul": [125.0, 125.0, 125.0, 125.0, 125.0, 125.0, 125.0, 125.0, 125.0, 125.0, 125.0, 125.0, 125.0, 125.0, 125.0, 125.0, 125.0, 125.0, 125.0, 125.0, 125.0, 125.0, 125.0, 125.0, 125.0, 125.0, 125.0, 125.0, 125.0, 125.0, 125.0, 125.0, 125.0, 125.0, 125.0, 125.0, 125.0, 125.0, 125.0, 125.0, 125.0, 125.0, 125.0, 125.0, 125.0, 125.0, 125.0, 125.0, 125.0, 125.0, 125.0, 125.0, 125.0, 125.0, 125.0, 125.0, 125.0, 125.0, 125.0, 125.0, 125.0, 125.0, 125.0, 125.0, 125.0, 125.0, 125.0, 125.0, 125.0, 125.0, 125.0], "true_end": 125.0, "sensors": {"s2": [642.12, 641.73, 642.68, 642.01, 641.64, 642.26, 642.05, 641.75, 642.19, 642.16, 642.06, 642.08, 642.37, 642.26, 642.59, 642.02, 642.31, 641.89, 642.33, 641.93, 641.87, 641.72, 642.12, 641.93, 642.36, 642.19, 642.58, 641.43, 642.09, 642.18, 641.8, 641.63, 642.31, 641.85, 642.31, 641.61, 642.21, 642.45, 642.23, 641.97, 642.3, 642.26, 642.15, 642.07, 641.86, 642.6, 641.79, 642.08, 642.12, 641.57, 642.27, 641.96, 642.27, 642.61, 642.58, 642.57, 642.12, 642.27, 642.27, 641.7, 641.88, 642.46, 641.75, 641.99, 642.21, 642.06, 642.35, 642.03, 641.44, 641.87, 641.75], "s3": [1582.35, 1577.5, 1584.76, 1590.27, 1573.19, 1584.8, 1582.84, 1582.86, 1581.86, 1584.34, 1586.93, 1590.92, 1584.53, 1587.76, 1580.67, 1582.76, 1588.19, 1584.55, 1585.2, 1581.57, 1585.66, 1585.29, 1578.93, 1580.62, 1583.62, 1581.02, 1586.63, 1579.71, 1587.19, 1591.71, 1578.9, 1587.74, 1581.03, 1584.37, 1580.93, 1579.25, 1585.21, 1585.62, 1590.19, 1576.64, 1583.75, 1585.81, 1586.75, 1584.72, 1587.49, 1583.37, 1586.02, 1577.26, 1582.51, 1583.31, 1581.21, 1582.12, 1578.82, 1582.73, 1585.83, 1577.3, 1582.86, 1585.95, 1582.0, 1578.58, 1580.46, 1594.11, 1584.63, 1584.05, 1578.54, 1592.8, 1587.25, 1581.95, 1585.7, 1587.04, 1588.1], "s4": [1394.89, 1400.13, 1394.33, 1396.53, 1393.68, 1393.17, 1394.19, 1398.45, 1397.56, 1391.88, 1398.41, 1392.54, 1393.67, 1391.71, 1398.04, 1393.07, 1390.6, 1398.83, 1394.36, 1396.96, 1391.9, 1397.25, 1391.47, 1398.79, 1397.85, 1395.2, 1401.61, 1393.78, 1399.01, 1389.76, 1389.84, 1394.95, 1400.86, 1402.66, 1398.26, 1393.16, 1393.85, 1385.27, 1395.93, 1401.85, 1388.77, 1396.01, 1399.6, 1399.74, 1401.48, 1397.17, 1398.45, 1398.87, 1398.06, 1397.43, 1390.18, 1405.01, 1399.95, 1395.93, 1400.86, 1386.57, 1394.85, 1397.34, 1395.58, 1393.76, 1402.75, 1390.1, 1396.47, 1397.22, 1401.18, 1400.84, 1397.02, 1402.34, 1400.83, 1405.0, 1398.17], "s11": [47.04, 47.17, 47.37, 47.28, 46.98, 47.19, 47.3, 47.1, 47.11, 47.3, 47.09, 47.17, 47.01, 47.2, 46.99, 47.2, 47.18, 47.06, 47.19, 47.14, 47.18, 47.11, 47.07, 47.39, 47.23, 47.12, 47.13, 47.0, 47.19, 47.07, 47.22, 47.14, 47.24, 47.2, 46.99, 47.27, 47.13, 47.17, 47.23, 47.17, 47.26, 47.24, 46.99, 47.21, 47.26, 47.14, 47.14, 47.18, 47.29, 47.23, 47.32, 47.23, 47.15, 47.18, 47.1, 47.25, 47.19, 47.25, 47.27, 47.29, 47.12, 47.2, 47.17, 47.32, 47.16, 47.3, 47.11, 47.06, 47.39, 47.25, 47.1]}}