{"unit": 127, "cycle": [1, 2, 3, 4, 5, 6, 7, 8, 9, 10, 11, 12, 13, 14, 15, 16, 17, 18, 19, 20, 21, 22, 23, 24, 25, 26, 27, 28, 29, 30, 31, 32, 33, 34, 35, 36, 37, 38, 39, 40, 41, 42, 43, 44, 45, 46, 47, 48, 49, 50, 51, 52, 53, 54, 55, 56, 57, 58, 59, 60, 61, 62, 63, 64, 65, 66, 67, 68, 69, 70, 71, 72, 73, 74, 75, 76, 77, 78, 79, 80, 81, 82, 83, 84, 85, 86, 87, 88, 89, 90, 91, 92, 93, 94, 95, 96, 97, 98, 99, 100, 101, 102, 103, 104, 105, 106, 107, 108, 109, 110, 111, 112, 113, 114, 115, 116, 117, 118, 119, 120, 121, 122, 123, 124, 125, 126], "pred_rul": [134.3800048828125, 133.5, 129.47999572753906, 129.85000610351562, 121.9800033569336, 109.80000305175781, 109.6500015258789, 107.12999725341797, 100.31999969482422, 102.83999633789062, 100.05999755859375, 96.76000213623047, 92.5999984741211, 92.27999877929688, 93.88999938964844, 96.9800033569336, 94.93000030517578, 96.08000183105469, 98.0999984741211, 97.87000274658203, 99.25, 95.1500015258789, 94.76000213623047, 95.19999694824219, 99.52999877929688, 99.97000122070312, 99.2300033569336, 93.48999786376953, 93.5199966430664, 96.7699966430664, 95.68000030517578, 95.93000030517578, 98.63999938964844, 95.80000305175781, 100.43000030517578, 104.33000183105469, 105.63999938964844, 109.11000061035156, 107.87999725341797, 113.69999694824219, 112.43000030517578, 113.93000030517578, 115.66000366210938, 116.66000366210938, 116.7699966430664, 109.31999969482422, 115.4000015258789, 116.01000213623047, 123.30999755859375, 122.43000030517578, 119.2300033569336, 116.63999938964844, 112.52999877929688, 116.91000366210938, 113.69000244140625, 115.93000030517578, 109.54000091552734, 111.1500015258789, 106.44000244140625, 106.5999984741211, 102.33999633789062, 97.56999969482422, 96.58000183105469, 96.87000274658203, 94.01000213623047, 99.05000305175781, 97.66000366210938, 105.23999786376953, 109.19000244140625, 112.76000213623047, 117.30000305175781, 101.88999938964844, 108.2300033569336, 103.30999755859375, 103.30000305175781, 105.04000091552734, 97.91000366210938, 94.44000244140625, 95.27999877929688, 110.63999938964844, 112.0, 108.6500015258789, 112.06999969482422, 110.19999694824219, 111.76000213623047, 114.16999816894531, 110.4800033569336, 112.08999633789062, 105.87000274658203, 109.8499984741211, 114.4800033569336, 107.1500015258789, 106.70999908447266, 101.52999877929688, 104.44000244140625, 108.94999694824219, 109.11000061035156, 105.83000183105469, 108.12999725341797, 105.30000305175781, 107.0, 108.61000061035156, 104.79000091552734, 104.83000183105469, 103.54000091552734, 104.94000244140625, 104.95999908447266, 105.44000244140625, 109.95999908447266, 110.30000305175781, 108.25, 112.51000213623047, 105.01000213623047, 104.18000030517578, 97.47000122070312, 88.29000091552734, 94.81999969482422, 98.76000213623047, 107.75, 105.5, 100.3499984741211, 94.61000061035156, 90.0999984741211, 84.7699966430664, 77.0, 75.01000213623047], "true_rul": [125.0, 125.0, 125.0, 125.0, 125.0, 125.0, 125.0, 125.0, 125.0, 125.0, 125.0, 125.0, 125.0, 125.0, 125.0, 125.0, 125.0, 125.0, 125.0, 125.0, 125.0, 125.0, 125.0, 125.0, 125.0, 125.0, 125.0, 125.0, 125.0, 125.0, 125.0, 125.0, 125.0, 125.0, 125.0, 125.0, 125.0, 125.0, 125.0, 125.0, 125.0, 125.0, 125.0, 125.0, 125.0, 125.0, 125.0, 125.0, 125.0, 125.0, 125.0, 125.0, 125.0, 125.0, 125.0, 125.0, 125.0, 125.0, 125.0, 125.0, 125.0, 125.0, 125.0, 125.0, 125.0, 125.0, 125.0, 125.0, 125.0, 125.0, 125.0, 125.0, 125.0, 125.0, 125.0, 125.0, 125.0, 125.0, 125.0, 125.0, 125.0, 125.0, 125.0, 124.0, 123.0, 122.0, 121.0, 120.0, 119.0, 118.0, 117.0, 116.0, 115.0, 114.0, 113.0, 112.0, 111.0, 110.0, 109.0, 108.0, 107.0, 106.0, 105.0, 104.0, 103.0, 102.0, 101.0, 100.0, 99.0, 98.0, 97.0, 96.0, 95.0, 94.0, 93.0, 92.0, 91.0, 90.0, 89.0, 88.0, 87.0, 86.0, 85.0, 84.0, 83.0, 82.0], "true_end": 82.0, "sensors": {"s2": [555.78, 555.73, 550.12, 555.66, 537.43, 604.58, 549.62, 642.68, 642.75, 549.89, 604.86, 608.15, 607.65, 549.42, 642.01, 549.59, 555.67, 642.37, 607.33, 642.65, 549.41, 549.53, 642.93, 604.74, 549.16, 607.24, 556.04, 549.14, 607.82, 537.21, 536.78, 555.99, 604.62, 549.37, 549.73, 549.33, 604.97, 605.04, 555.99, 605.28, 549.82, 642.93, 641.57, 549.49, 555.51, 549.38, 556.16, 549.87, 536.62, 605.08, 550.03, 536.28, 536.99, 604.53, 549.43, 607.43, 606.77, 642.66, 607.1, 607.86, 549.98, 549.63, 556.25, 642.09, 556.13, 605.23, 555.61, 604.82, 549.71, 604.84, 607.74, 555.95, 556.32, 537.23, 537.02, 536.81, 607.61, 549.62, 536.75, 549.8, 604.41, 555.24, 607.94, 549.63, 555.59, 549.55, 549.93, 605.02, 536.63, 555.36, 549.41, 642.48, 555.97, 604.86, 605.12, 536.77, 604.62, 536.85, 642.99, 642.05, 642.72, 604.88, 642.43, 607.81, 642.72, 549.4, 642.88, 605.21, 537.27, 555.85, 642.79, 642.89, 605.58, 549.92, 605.14, 607.46, 642.52, 642.38, 549.64, 537.12, 607.59, 604.84, 537.54, 642.97, 555.94, 642.55], "s3": [1365.39, 1364.19, 1358.22, 1365.11, 1255.15, 1499.13, 1361.66, 1591.52, 1587.8, 1350.42, 1505.46, 1479.96, 1483.24, 1350.04, 1592.71, 1352.17, 1362.62, 1589.45, 1482.14, 1583.16, 1357.43, 1357.08, 1589.17, 1494.13, 1354.82, 1485.53, 1360.14, 1365.32, 1479.98, 1263.83, 1263.8, 1366.78, 1499.62, 1351.05, 1355.39, 1351.42, 1501.22, 1498.46, 1368.39, 1498.7, 1350.37, 1584.19, 1586.69, 1359.26, 1371.86, 1353.67, 1371.23, 1348.71, 1256.52, 1504.03, 1349.65, 1263.55, 1259.65, 1504.98, 1348.9, 1480.11, 1485.18, 1586.41, 1488.75, 1483.01, 1344.06, 1361.94, 1366.71, 1591.65, 1364.76, 1497.93, 1359.14, 1504.37, 1361.53, 1501.67, 1482.84, 1363.43, 1361.61, 1259.65, 1267.78, 1262.69, 1488.13, 1354.36, 1257.7, 1354.45, 1503.97, 1367.03, 1487.2, 1353.03, 1369.36, 1347.28, 1350.21, 1506.33, 1261.79, 1366.02, 1354.91, 1590.23, 1365.65, 1501.9, 1494.11, 1266.81, 1498.81, 1263.76, 1586.34, 1593.75, 1589.44, 1501.47, 1590.67, 1490.59, 1592.11, 1354.79, 1590.23, 1501.6, 1263.26, 1359.1, 1593.75, 1588.46, 1510.3, 1355.21, 1508.77, 1484.37, 1589.48, 1593.97, 1358.13, 1255.71, 1487.67, 1502.64, 1264.75, 1595.46, 1370.53, 1589.01], "s4": [1125.87, 1126.07, 1126.3, 1125.8, 1050.14, 1319.98, 1126.34, 1404.44, 1403.46, 1124.92, 1310.53, 1249.65, 1253.86, 1125.02, 1405.43, 1127.62, 1127.45, 1407.76, 1250.05, 1406.59, 1123.88, 1127.48, 1406.06, 1305.27, 1125.06, 1244.54, 1125.21, 1131.72, 1248.11, 1043.71, 1053.83, 1132.33, 1310.05, 1125.35, 1121.83, 1120.1, 1309.57, 1312.15, 1131.09, 1301.09, 1127.72, 1403.03, 1408.61, 1126.87, 1128.26, 1131.06, 1129.82, 1132.68, 1048.24, 1309.25, 1134.53, 1053.86, 1052.32, 1317.1, 1125.79, 1252.91, 1256.94, 1411.82, 1251.25, 1252.76, 1130.35, 1127.96, 1139.94, 1411.34, 1122.72, 1311.47, 1126.23, 1307.62, 1128.74, 1311.91, 1254.21, 1128.19, 1131.12, 1051.65, 1053.55, 1047.4, 1257.94, 1125.01, 1055.06, 1120.19, 1311.48, 1127.0, 1252.11, 1128.77, 1138.31, 1122.98, 1123.17, 1308.57, 1051.74, 1129.67, 1130.79, 1411.8, 1123.21, 1315.07, 1317.83, 1051.04, 1309.14, 1055.57, 1413.14, 1408.71, 1403.13, 1301.87, 1405.03, 1258.76, 1409.98, 1134.43, 1408.85, 1308.25, 1048.88, 1140.04, 1411.12, 1411.49, 1310.23, 1138.39, 1309.53, 1259.45, 1407.82, 1409.23, 1127.65, 1054.77, 1259.69, 1320.76, 1048.04, 1418.44, 1141.73, 1414.01], "s11": [41.82, 42.04, 42.05, 41.8, 36.75, 45.46, 41.94, 47.42, 47.46, 42.06, 45.36, 44.38, 44.42, 41.98, 47.47, 42.0, 41.88, 47.26, 44.25, 47.39, 42.0, 42.24, 47.41, 45.31, 41.93, 44.43, 42.05, 42.18, 44.32, 36.7, 36.8, 41.86, 45.4, 42.15, 42.02, 42.12, 45.44, 45.25, 41.97, 45.34, 42.05, 47.51, 47.26, 41.95, 41.99, 42.0, 41.76, 42.11, 36.89, 45.35, 42.07, 36.69, 36.68, 45.48, 42.14, 44.34, 44.53, 47.5, 44.58, 44.34, 42.12, 42.15, 41.94, 47.65, 42.05, 45.45, 41.92, 45.39, 42.05, 45.39, 44.3, 42.13, 42.04, 36.7, 36.85, 36.66, 44.5, 42.12, 36.76, 42.15, 45.51, 42.07, 44.43, 42.12, 42.09, 42.11, 42.22, 45.46, 36.98, 42.1, 42.17, 47.48, 42.01, 45.45, 45.53, 36.82, 45.46, 36.76, 47.62, 47.53, 47.69, 45.53, 47.5, 44.51, 47.45, 42.23, 47.48, 45.57, 36.82, 41.78, 47.37, 47.62, 45.71, 42.21, 45.6, 44.64, 47.56, 47.5, 42.13, 36.77, 44.46, 45.43, 36.82, 47.64, 42.0, 47.82]}}