{"unit": 64, "cycle": [1, 2, 3, 4, 5, 6, 7, 8, 9, 10, 11, 12, 13, 14, 15, 16, 17, 18, 19, 20, 21, 22, 23, 24, 25, 26, 27, 28, 29, 30, 31, 32, 33, 34, 35, 36, 37, 38, 39, 40, 41, 42, 43, 44, 45, 46, 47, 48, 49, 50, 51, 52, 53, 54, 55, 56, 57, 58, 59, 60, 61, 62, 63, 64, 65, 66, 67, 68, 69, 70, 71, 72, 73, 74, 75, 76, 77, 78, 79, 80, 81, 82, 83, 84, 85, 86, 87, 88, 89, 90, 91, 92, 93, 94, 95, 96, 97, 98, 99, 100, 101, 102, 103, 104, 105, 106, 107, 108, 109, 110, 111, 112, 113, 114, 115, 116, 117, 118, 119, 120, 121, 122, 123, 124, 125, 126, 127, 128, 129, 130, 131, 132, 133, 134, 135, 136, 137, 138, 139, 140, 141, 142, 143, 144, 145, 146, 147, 148, 149, 150, 151, 152, 153, 154, 155, 156, 157, 158, 159, 160, 161, 162, 163, 164, 165, 166, 167, 168, 169, 170, 171, 172, 173, 174, 175, 176, 177, 178, 179, 180, 181, 182, 183, 184, 185, 186, 187, 188, 189, 190, 191, 192, 193, 194, 195, 196, 197, 198, 199, 200, 201, 202, 203, 204, 205, 206, 207, 208, 209, 210, 211, 212, 213, 214, 215, 216, 217, 218, 219, 220, 221, 222, 223, 224, 225, 226, 227, 228, 229, 230, 231, 232, 233], "pred_rul": [127.41999816894531, 127.0999984741211, 125.44999694824219, 119.16999816894531, 117.52999877929688, 114.41999816894531, 115.9800033569336, 108.30999755859375, 106.62000274658203, 106.48999786376953, 104.51000213623047, 94.55000305175781, 97.16000366210938, 94.95999908447266, 97.20999908447266, 100.95999908447266, 103.87000274658203, 103.72000122070312, 106.44999694824219, 103.52999877929688, 102.51000213623047, 102.30000305175781, 102.18000030517578, 102.27999877929688, 103.5199966430664, 103.98999786376953, 103.23999786376953, 103.37999725341797, 105.27999877929688, 105.44000244140625, 107.62000274658203, 107.86000061035156, 107.04000091552734, 105.5999984741211, 105.44999694824219, 106.1500015258789, 108.37000274658203, 109.0, 109.1500015258789, 114.11000061035156, 114.05999755859375, 114.31999969482422, 115.11000061035156, 114.20999908447266, 108.52999877929688, 112.41000366210938, 113.04000091552734, 116.37999725341797, 117.37999725341797, 118.06999969482422, 119.5999984741211, 119.06999969482422, 123.56999969482422, 120.58999633789062, 120.2300033569336, 121.56999969482422, 123.83999633789062, 125.33000183105469, 128.19000244140625, 126.47000122070312, 123.86000061035156, 125.56999969482422, 123.5199966430664, 122.37999725341797, 116.91999816894531, 113.08000183105469, 117.27999877929688, 116.18000030517578, 115.41000366210938, 116.20999908447266, 115.16999816894531, 120.83999633789062, 117.33000183105469, 119.36000061035156, 118.37999725341797, 117.16999816894531, 122.19000244140625, 118.4800033569336, 121.16999816894531, 121.19999694824219, 121.08000183105469, 125.79000091552734, 123.43000030517578, 121.58999633789062, 116.9800033569336, 119.9000015258789, 121.16999816894531, 119.62999725341797, 120.31999969482422, 120.20999908447266, 121.98999786376953, 119.69000244140625, 119.3499984741211, 116.1500015258789, 117.4800033569336, 116.25, 111.97000122070312, 114.37000274658203, 112.87000274658203, 114.94999694824219, 112.3499984741211, 116.66999816894531, 120.12000274658203, 116.5199966430664, 111.37000274658203, 112.5199966430664, 112.19000244140625, 109.94999694824219, 113.22000122070312, 118.94000244140625, 119.95999908447266, 121.33999633789062, 119.8499984741211, 121.31999969482422, 123.0199966430664, 120.5199966430664, 105.94000244140625, 97.9000015258789, 95.94000244140625, 91.06999969482422, 98.45999908447266, 92.01000213623047, 80.98999786376953, 81.76000213623047, 73.12000274658203, 79.45999908447266, 79.08000183105469, 84.93000030517578, 83.54000091552734, 85.79000091552734, 88.19999694824219, 86.75, 83.47000122070312, 86.2300033569336, 87.19000244140625, 92.58999633789062, 96.58000183105469, 92.12000274658203, 88.30000305175781, 83.63999938964844, 90.62999725341797, 95.79000091552734, 105.41000366210938, 104.5999984741211, 97.97000122070312, 93.72000122070312, 88.16999816894531, 98.20999908447266, 89.51000213623047, 88.58999633789062, 92.25, 91.51000213623047, 94.44000244140625, 87.54000091552734, 90.87000274658203, 93.66000366210938, 93.38999938964844, 89.0999984741211, 86.1500015258789, 86.68000030517578, 87.41000366210938, 85.93000030517578, 85.41999816894531, 84.83999633789062, 80.76000213623047, 77.69999694824219, 64.55999755859375, 69.19000244140625, 57.61000061035156, 54.88999938964844, 57.720001220703125, 55.849998474121094, 57.15999984741211, 61.599998474121094, 62.630001068115234, 62.63999938964844, 60.959999084472656, 69.02999877929688, 69.7300033569336, 68.87999725341797, 68.77999877929688, 67.93000030517578, 74.58000183105469, 68.9000015258789, 73.0, 78.97000122070312, 78.47000122070312, 76.2300033569336, 73.19000244140625, 71.31999969482422, 74.69000244140625, 71.81999969482422, 72.66000366210938, 69.30000305175781, 64.08000183105469, 71.9800033569336, 71.9800033569336, 73.0, 66.16000366210938, 67.23999786376953, 63.95000076293945, 60.7599983215332, 57.849998474121094, 54.13999938964844, 58.84000015258789, 55.70000076293945, 49.810001373291016, 46.25, 38.83000183105469, 37.61000061035156, 38.040000915527344, 34.7599983215332, 37.25, 36.81999969482422, 33.560001373291016, 27.309999465942383, 26.420000076293945, 24.8700008392334, 22.059999465942383, 23.059999465942383, 22.350000381469727, 21.40999984741211, 24.170000076293945, 20.350000381469727, 20.290000915527344, 18.969999313354492, 17.559999465942383, 17.770000457763672, 17.520000457763672, 18.829999923706055, 17.31999969482422, 15.390000343322754, 14.880000114440918], "true_rul": [125.0, 125.0, 125.0, 125.0, 125.0, 125.0, 125.0, 125.0, 125.0, 125.0, 125.0, 125.0, 125.0, 125.0, 125.0, 125.0, 125.0, 125.0, 125.0, 125.0, 125.0, 125.0, 125.0, 125.0, 125.0, 125.0, 125.0, 125.0, 125.0, 125.0, 125.0, 125.0, 125.0, 125.0, 125.0, 125.0, 125.0, 125.0, 125.0, 125.0, 125.0, 125.0, 125.0, 125.0, 125.0, 125.0, 125.0, 125.0, 125.0, 125.0, 125.0, 125.0, 125.0, 125.0, 125.0, 125.0, 125.0, 125.0, 125.0, 125.0, 125.0, 125.0, 125.0, 125.0, 125.0, 125.0, 125.0, 125.0, 125.0, 125.0, 125.0, 125.0, 125.0, 125.0, 125.0, 125.0, 125.0, 125.0, 125.0, 125.0, 125.0, 125.0, 125.0, 125.0, 125.0, 125.0, 125.0, 125.0, 125.0, 125.0, 125.0, 125.0, 125.0, 125.0, 125.0, 125.0, 125.0, 125.0, 125.0, 125.0, 125.0, 125.0, 125.0, 125.0, 125.0, 125.0, 125.0, 125.0, 125.0, 125.0, 125.0, 125.0, 125.0, 125.0, 125.0, 125.0, 125.0, 125.0, 125.0, 125.0, 125.0, 125.0, 124.0, 123.0, 122.0, 121.0, 120.0, 119.0, 118.0, 117.0, 116.0, 115.0, 114.0, 113.0, 112.0, 111.0, 110.0, 109.0, 108.0, 107.0, 106.0, 105.0, 104.0, 103.0, 102.0, 101.0, 100.0, 99.0, 98.0, 97.0, 96.0, 95.0, 94.0, 93.0, 92.0, 91.0, 90.0, 89.0, 88.0, 87.0, 86.0, 85.0, 84.0, 83.0, 82.0, 81.0, 80.0, 79.0, 78.0, 77.0, 76.0, 75.0, 74.0, 73.0, 72.0, 71.0, 70.0, 69.0, 68.0, 67.0, 66.0, 65.0, 64.0, 63.0, 62.0, 61.0, 60.0, 59.0, 58.0, 57.0, 56.0, 55.0, 54.0, 53.0, 52.0, 51.0, 50.0, 49.0, 48.0, 47.0, 46.0, 45.0, 44.0, 43.0, 42.0, 41.0, 40.0, 39.0, 38.0, 37.0, 36.0, 35.0, 34.0, 33.0, 32.0, 31.0, 30.0, 29.0, 28.0, 27.0, 26.0, 25.0, 24.0, 23.0, 22.0, 21.0, 20.0, 19.0, 18.0, 17.0, 16.0, 15.0, 14.0], "true_end": 14.0,