{"unit": 57, "cycle": [1, 2, 3, 4, 5, 6, 7, 8, 9, 10, 11, 12, 13, 14, 15, 16, 17, 18, 19, 20, 21, 22, 23, 24, 25, 26, 27, 28, 29, 30, 31, 32, 33, 34, 35, 36, 37, 38, 39, 40, 41, 42, 43, 44, 45, 46, 47, 48, 49, 50, 51, 52, 53, 54, 55, 56, 57, 58, 59, 60, 61, 62, 63, 64, 65, 66, 67, 68, 69, 70, 71, 72, 73, 74, 75, 76, 77, 78, 79, 80, 81, 82, 83, 84, 85, 86, 87, 88, 89, 90, 91, 92, 93, 94, 95, 96, 97, 98, 99, 100, 101, 102, 103, 104, 105, 106, 107, 108, 109, 110, 111, 112, 113, 114, 115, 116, 117, 118, 119, 120, 121, 122, 123, 124, 125, 126, 127, 128, 129, 130, 131, 132, 133, 134, 135, 136, 137, 138, 139, 140, 141, 142, 143, 144, 145, 146, 147, 148, 149, 150, 151, 152, 153, 154, 155, 156, 157, 158], "pred_rul": [127.66000366210938, 126.9000015258789, 124.69000244140625, 121.87000274658203, 122.5999984741211, 119.81999969482422, 115.41999816894531, 107.36000061035156, 101.56999969482422, 94.58000183105469, 89.79000091552734, 87.41999816894531, 85.51000213623047, 80.26000213623047, 90.81999969482422, 83.33000183105469, 83.33000183105469, 88.98999786376953, 96.91999816894531, 107.54000091552734, 101.69000244140625, 101.70999908447266, 99.86000061035156, 97.48999786376953, 105.01000213623047, 96.91000366210938, 103.62000274658203, 113.52999877929688, 115.04000091552734, 121.20999908447266, 117.23999786376953, 119.01000213623047, 119.62999725341797, 118.95999908447266, 122.79000091552734, 114.16999816894531, 119.29000091552734, 123.36000061035156, 124.08999633789062, 125.58000183105469, 121.12999725341797, 122.87999725341797, 122.13999938964844, 122.08000183105469, 125.7300033569336, 124.08999633789062, 122.51000213623047, 121.6500015258789, 116.41000366210938, 126.0999984741211, 123.75, 124.58999633789062, 124.12000274658203, 119.69999694824219, 123.44000244140625, 114.79000091552734, 106.44000244140625, 110.58999633789062, 106.19999694824219, 109.66000366210938, 104.22000122070312, 100.72000122070312, 101.13999938964844, 107.0, 117.62999725341797, 110.25, 108.69999694824219, 111.97000122070312, 116.3499984741211, 120.38999938964844, 115.43000030517578, 115.19999694824219, 118.19000244140625, 123.52999877929688, 125.3499984741211, 121.0999984741211, 122.80999755859375, 123.31999969482422, 123.41000366210938, 125.7300033569336, 123.16999816894531, 124.48999786376953, 124.7300033569336, 125.22000122070312, 123.27999877929688, 121.26000213623047, 124.55999755859375, 122.1500015258789, 125.52999877929688, 124.73999786376953, 121.12999725341797, 119.66000366210938, 121.16999816894531, 120.16999816894531, 117.55999755859375, 115.80000305175781, 110.31999969482422, 112.8499984741211, 112.94000244140625, 120.86000061035156, 115.88999938964844, 108.6500015258789, 114.83000183105469, 115.29000091552734, 118.05000305175781, 114.2300033569336, 113.54000091552734, 113.12999725341797, 107.16000366210938, 101.26000213623047, 101.72000122070312, 105.69000244140625, 109.76000213623047, 106.66999816894531, 114.91000366210938, 113.16000366210938, 110.05000305175781, 106.01000213623047, 102.66000366210938, 105.75, 108.97000122070312, 106.97000122070312, 112.61000061035156, 117.56999969482422, 118.0199966430664, 116.69999694824219, 115.9000015258789, 116.06999969482422, 115.62000274658203, 111.9000015258789, 109.61000061035156, 99.16999816894531, 100.7699966430664, 101.11000061035156, 100.52999877929688, 101.16000366210938, 96.51000213623047, 96.73999786376953, 102.95999908447266, 101.9800033569336, 94.9000015258789, 94.44000244140625, 89.7300033569336, 103.29000091552734, 97.37000274658203, 97.4000015258789, 92.56999969482422, 93.5, 96.75, 96.0, 90.86000061035156, 84.43000030517578, 75.7699966430664, 72.97000122070312, 73.19000244140625, 60.72999954223633, 58.40999984741211, 54.79999923706055], "true_rul": [125.0, 125.0, 125.0, 125.0, 125.0, 125.0, 125.0, 125.0, 125.0, 125.0, 125.0, 125.0, 125.0, 125.0, 125.0, 125.0, 125.0, 125.0, 125.0, 125.0, 125.0, 125.0, 125.0, 125.0, 125.0, 125.0, 125.0, 125.0, 125.0, 125.0, 125.0, 125.0, 125.0, 125.0, 125.0, 125.0, 125.0, 125.0, 125.0, 125.0, 125.0, 125.0, 125.0, 125.0, 125.0, 125.0, 125.0, 125.0, 125.0, 125.0, 125.0, 125.0, 125.0, 125.0, 125.0, 125.0, 125.0, 125.0, 125.0, 125.0, 125.0, 125.0, 125.0, 125.0, 125.0, 125.0, 125.0, 125.0, 125.0, 125.0, 125.0, 125.0, 125.0, 125.0, 125.0, 125.0, 125.0, 125.0, 125.0, 125.0, 125.0, 125.0, 125.0, 125.0, 125.0, 125.0, 125.0, 125.0, 125.0, 125.0, 125.0, 125.0, 125.0, 125.0, 125.0, 125.0, 125.0, 125.0, 125.0, 125.0, 125.0, 125.0, 125.0, 125.0, 125.0, 125.0, 125.0, 125.0, 125.0, 125.0, 125.0, 125.0, 125.0, 125.0, 125.0, 125.0, 125.0, 125.0, 125.0, 125.0, 125.0, 124.0, 123.0, 122.0, 121.0, 120.0, 119.0, 118.0, 117.0, 116.0, 115.0, 114.0, 113.0, 112.0, 111.0, 110.0, 109.0, 108.0, 107.0, 106.0, 105.0, 104.0, 103.0, 102.0, 101.0, 100.0, 99.0, 98.0, 97.0, 96.0, 95.0, 94.0, 93.0, 92.0, 91.0, 90.0, 89.0, 88.0], "true_end": 88.0, "sensors": {"s2": [642.41, 642.42, 642.2, 642.44, 642.49, 642.43, 642.47, 642.51, 642.85, 642.8, 642.61, 642.99, 642.62, 642.99, 642.69, 642.5, 642.54, 642.35, 642.15, 642.4, 642.59, 642.61, 641.81, 642.76, 642.34, 642.66, 642.17, 642.26, 642.49, 642.29, 642.44, 642.38, 642.78, 642.62, 642.39, 642.44, 642.54, 642.53, 641.81, 642.26, 642.85, 641.97, 642.56, 642.67, 642.6, 642.07, 642.86, 642.32, 641.95, 642.35, 642.67, 642.47, 642.26, 642.46, 642.13, 642.52, 642.87, 642.59, 642.74, 643.25, 643.01, 642.38, 642.89, 642.14, 642.46, 642.24, 642.52, 642.7, 642.37, 642.51, 642.4, 642.61, 641.97, 642.26, 642.96, 642.24, 642.58, 641.88, 642.66, 641.72, 641.78, 642.64, 642.37, 642.97, 642.49, 642.54, 642.18, 642.63, 642.53, 642.77, 642.39, 642.68, 642.8, 642.81, 642.96, 642.5, 642.67, 642.72, 642.35, 642.88, 642.57, 642.83, 642.41, 642.49, 642.92, 642.76, 642.36, 642.5, 642.43, 642.62, 642.45, 642.69, 642.61, 642.98, 642.44, 642.05, 643.04, 643.09, 642.54, 642.85, 642.56, 642.64, 642.21, 642.37, 642.3, 642.57, 642.75, 642.03, 642.49, 642.69, 642.67, 642.39, 642.8, 643.05, 642.14, 641.81, 642.73, 642.53, 642.35, 642.57, 642.62, 642.83, 642.93, 642.6, 642.67, 642.9, 642.72, 642.45, 642.77, 642.32, 643.06, 642.71, 642.6, 642.61, 642.67, 642.39, 642.64, 643.18], "s3": [1585.53, 1580.95, 1592.49, 1586.03, 1580.18, 1582.95, 1579.86, 1589.76, 1582.49, 1589.97, 1591.18, 1586.69, 1585.64, 1593.02, 1586.47, 1595.55, 1585.49, 1590.06, 1582.23, 1580.41, 1583.31, 1577.61, 1591.26, 1584.49, 1584.86, 1585.73, 1588.01, 1588.61, 1591.08, 1586.98, 1585.19, 1583.3, 1589.06, 1591.81, 1587.71, 1587.79, 1585.52, 1586.67, 1588.94, 1588.07, 1590.84, 1589.48, 1585.24, 1589.65, 1582.45, 1588.61, 1589.04, 1592.83, 1588.3, 1584.4, 1591.85, 1587.54, 1589.76, 1590.88, 1588.2, 1590.31, 1594.19, 1586.17, 1588.43, 1586.86, 1592.1, 1589.41, 1591.93, 1582.49, 1587.8, 1588.96, 1583.47, 1591.1, 1587.19, 1581.61, 1589.97, 1588.18, 1582.76, 1590.12, 1581.85, 1585.91, 1587.13, 1592.18, 1586.69, 1590.3, 1583.63, 1587.91, 1589.32, 1585.23, 1578.66, 1588.01, 1588.86, 1582.98, 1589.53, 1591.31, 1588.48, 1594.32, 1581.65, 1588.56, 1590.62, 1587.87, 1590.26, 1594.29, 1590.73, 1591.34, 1594.13, 1590.83, 1586.05, 1591.03, 1586.38, 1590.21, 1586.45, 1600.21, 1589.39, 1588.86, 1588.6, 1585.28, 1590.41, 1587.79, 1584.58, 1599.02, 1587.83, 1595.53, 1591.88, 1591.74, 1588.22, 1593.47, 1590.44, 1584.84, 1587.48, 1586.76, 1584.9, 1589.12, 1586.28, 1592.21, 1592.29, 1586.43, 1588.0, 1588.01, 1589.55, 1588.92, 1577.64, 1593.13, 1588.79, 1586.68, 1587.93, 1593.01, 1588.76, 1594.2, 1589.04, 1588.25, 1591.91, 1587.69, 1584.85, 1589.32, 1586.16, 1590.65, 1584.74, 1593.94, 1592.72, 1592.14, 1590.37, 1591.05],