{"unit": 89, "cycle": [1, 2, 3, 4, 5, 6, 7, 8, 9, 10, 11, 12, 13, 14, 15, 16, 17, 18, 19, 20, 21, 22, 23, 24, 25, 26, 27, 28, 29, 30, 31, 32, 33, 34, 35, 36, 37, 38, 39, 40, 41, 42, 43, 44, 45, 46, 47, 48, 49, 50, 51, 52, 53, 54, 55, 56, 57, 58, 59, 60, 61, 62, 63, 64, 65, 66, 67, 68, 69, 70, 71, 72, 73, 74, 75, 76, 77, 78, 79, 80, 81, 82, 83, 84, 85, 86, 87, 88, 89, 90, 91, 92, 93, 94, 95, 96, 97, 98, 99, 100, 101, 102, 103, 104, 105, 106, 107, 108, 109, 110, 111, 112, 113, 114, 115, 116, 117, 118, 119, 120], "pred_rul": [128.0399932861328, 128.22999572753906, 128.47000122070312, 127.38999938964844, 125.16999816894531, 123.77999877929688, 118.0, 113.30999755859375, 110.41000366210938, 105.58000183105469, 98.4000015258789, 108.38999938964844, 104.37000274658203, 107.27999877929688, 101.80999755859375, 102.12999725341797, 101.08999633789062, 106.72000122070312, 106.5999984741211, 107.93000030517578, 110.75, 111.80999755859375, 116.70999908447266, 118.08999633789062, 114.77999877929688, 110.81999969482422, 114.69999694824219, 117.37999725341797, 114.0199966430664, 115.43000030517578, 114.8499984741211, 115.26000213623047, 117.72000122070312, 118.54000091552734, 117.55999755859375, 118.73999786376953, 121.01000213623047, 121.94000244140625, 123.16999816894531, 124.5999984741211, 124.55000305175781, 125.06999969482422, 126.23999786376953, 124.7699966430664, 128.97999572753906, 130.07000732421875, 129.0, 129.1300048828125, 129.00999450683594, 129.47999572753906, 129.9499969482422, 129.60000610351562, 129.36000061035156, 128.47999572753906, 128.22999572753906, 127.37000274658203, 128.4499969482422, 128.33999633789062, 127.91000366210938, 126.98999786376953, 127.93000030517578, 127.58000183105469, 127.41999816894531, 125.26000213623047, 116.41000366210938, 118.51000213623047, 125.02999877929688, 123.9800033569336, 119.44999694824219, 111.2699966430664, 118.30999755859375, 119.31999969482422, 119.23999786376953, 122.27999877929688, 119.58999633789062, 121.30999755859375, 117.83999633789062, 117.51000213623047, 118.37999725341797, 116.68000030517578, 117.4000015258789, 118.30999755859375, 113.7300033569336, 112.48999786376953, 108.55000305175781, 114.20999908447266, 118.69000244140625, 116.44000244140625, 113.58999633789062, 105.30000305175781, 103.27999877929688, 100.81999969482422, 100.77999877929688, 103.44000244140625, 106.6500015258789, 105.86000061035156, 104.47000122070312, 103.41999816894531, 108.6500015258789, 111.73999786376953, 108.52999877929688, 105.81999969482422, 103.87000274658203, 99.4000015258789, 97.23999786376953, 94.9800033569336, 92.52999877929688, 93.58000183105469, 89.81999969482422, 85.87999725341797, 81.25, 74.76000213623047, 77.2300033569336, 70.12999725341797, 64.41000366210938, 61.83000183105469, 57.04999923706055, 54.63999938964844, 46.52000045776367, 43.77000045776367], "true_rul": [125.0, 125.0, 125.0, 125.0, 125.0, 125.0, 125.0, 125.0, 125.0, 125.0, 125.0, 125.0, 125.0, 125.0, 125.0, 125.0, 125.0, 125.0, 125.0, 125.0, 125.0, 125.0, 125.0, 125.0, 125.0, 125.0, 125.0, 125.0, 125.0, 125.0, 125.0, 125.0, 125.0, 125.0, 125.0, 125.0, 124.0, 123.0, 122.0, 121.0, 120.0, 119.0, 118.0, 117.0, 116.0, 115.0, 114.0, 113.0, 112.0, 111.0, 110.0, 109.0, 108.0, 107.0, 106.0, 105.0, 104.0, 103.0, 102.0, 101.0, 100.0, 99.0, 98.0, 97.0, 96.0, 95.0, 94.0, 93.0, 92.0, 91.0, 90.0, 89.0, 88.0, 87.0, 86.0, 85.0, 84.0, 83.0, 82.0, 81.0, 80.0, 79.0, 78.0, 77.0, 76.0, 75.0, 74.0, 73.0, 72.0, 71.0, 70.0, 69.0, 68.0, 67.0, 66.0, 65.0, 64.0, 63.0, 62.0, 61.0, 60.0, 59.0, 58.0, 57.0, 56.0, 55.0, 54.0, 53.0, 52.0, 51.0, 50.0, 49.0, 48.0, 47.0, 46.0, 45.0, 44.0, 43.0, 42.0, 41.0], "true_end": 41.0, "sensors": {"s2": [641.74, 642.41, 641.68, 641.73, 641.76, 641.52, 641.53, 641.97, 642.79, 641.6, 642.07, 641.67, 642.16, 641.85, 641.83, 641.82, 641.71, 641.45, 641.56, 641.69, 642.36, 641.82, 642.33, 642.46, 642.37, 642.1, 641.88, 642.13, 642.01, 641.62, 641.9, 642.38, 642.19, 641.58, 641.89, 642.05, 642.12, 641.89, 642.32, 641.58, 641.9, 642.18, 642.01, 642.06, 641.74, 642.35, 642.22, 641.97, 641.89, 642.11, 641.61, 642.11, 641.94, 641.71, 641.35, 642.4, 641.91, 641.89, 641.39, 642.09, 642.05, 641.66, 641.88, 641.86, 642.05, 642.14, 641.94, 642.2, 642.27, 641.63, 641.85, 641.79, 641.98, 641.83, 642.04, 642.11, 641.69, 641.81, 641.92, 641.62, 642.07, 642.14, 641.82, 642.16, 642.54, 642.39, 641.89, 641.87, 642.26, 642.11, 642.37, 642.11, 642.49, 641.88, 642.37, 641.93, 641.69, 642.14, 641.97, 642.27, 642.2, 642.32, 641.99, 641.86, 642.18, 641.93, 642.58, 642.62, 641.83, 642.41, 642.18, 642.51, 642.16, 642.41, 642.54, 642.93, 642.5, 642.56, 642.34, 642.35], "s3": [1571.02, 1581.41, 1573.24, 1583.41, 1585.18, 1579.37, 1587.16, 1584.48, 1584.54, 1576.1, 1583.3, 1581.3, 1581.1, 1581.73, 1590.8, 1587.4, 1575.86, 1582.35, 1576.23, 1583.85, 1573.91, 1580.27, 1581.04, 1583.31, 1580.15, 1584.25, 1585.27, 1584.42, 1582.37, 1576.68, 1583.89, 1581.68, 1582.36, 1576.06, 1589.64, 1577.65, 1579.35, 1586.0, 1590.72, 1580.24, 1584.4, 1588.03, 1579.89, 1584.61, 1576.71, 1577.62, 1590.64, 1582.53, 1586.82, 1585.06, 1580.97, 1581.61, 1579.34, 1584.35, 1583.88, 1587.02, 1580.13, 1585.98, 1574.38, 1580.07, 1585.34, 1584.73, 1577.9, 1586.71, 1589.56, 1583.28, 1584.95, 1584.29, 1590.34, 1585.86, 1581.84, 1579.15, 1580.16, 1584.18, 1583.67, 1581.79, 1592.67, 1581.62, 1582.21, 1591.37, 1586.62, 1587.96, 1588.97, 1583.6, 1588.17, 1579.94, 1582.16, 1585.52, 1581.81, 1583.16, 1581.17, 1576.41, 1580.83, 1582.45, 1581.36, 1588.76, 1582.58, 1580.46, 1585.88, 1586.14, 1581.43, 1586.68, 1584.39, 1591.13, 1586.5, 1589.96, 1583.07, 1588.74, 1588.08, 1579.77, 1586.92, 1588.02, 1584.54, 1581.25, 1589.99, 1587.84, 1588.19, 1583.12, 1587.11, 1582.69], "s4": [1389.48, 1382.96, 1393.06, 1392.77, 1397.29, 1392.14, 1393.48, 1395.58, 1396.9, 1403.58, 1386.89, 1393.43, 1392.35, 1393.67, 1390.93, 1390.97, 1399.9, 1387.89, 1391.33, 1394.62, 1392.65, 1398.11, 1392.67, 1396.03, 1387.54, 1395.29, 1386.81, 1397.64, 1390.79, 1391.26, 1399.03, 1392.27, 1391.75, 1394.3, 1391.91, 1401.44, 1392.85, 1397.05, 1394.09, 1396.27, 1394.6, 1392.18, 1400.07, 1386.05, 1392.76, 1394.62, 1395.01, 1395.43, 1388.32, 1389.1, 1386.88, 1399.71, 1392.02, 1394.81, 1400.06, 1396.39, 1394.47, 1395.17, 1392.69, 1398.23, 1394.41, 1401.2, 1395.24, 1393.77, 1403.77, 1398.85, 1393.65, 1399.31, 1400.24, 1389.97, 1398.32, 1393.8, 1389.75, 1400.3, 1397.07, 1395.58, 1393.27, 1404.23, 1393.3, 1398.23, 1398.84, 1399.51, 1393.04, 1397.51, 1401.55, 1399.42, 1400.36, 1392.39, 1399.5, 1395.05, 1400.87, 1402.36, 1398.83, 1395.5, 1395.39, 1396.68, 1400.91, 1397.08, 1400.45, 1396.5, 1398.78, 1391.17, 1401.11, 1393.66, 1400.23, 1398.55, 1397.77, 1403.84, 1397.68, 1398.22, 1408.01, 1399.97, 1399.91, 1395.84, 1396.87, 1395.58, 1400.09, 1406.17, 1404.72, 1401.86], "s11": [47.11, 46.94, 46.93, 47.1, 47.11, 47.0, 47.11, 47.0, 47.0, 47.16, 46.96, 47.21, 47.05, 47.11, 46.96, 47.09, 46.92, 47.21, 47.01, 47.05, 46.91, 47.01, 47.04, 47.06, 47.16, 47.11, 47.27, 47.01, 47.14, 47.16, 47.3, 47.19, 46.93, 47.08, 47.15, 47.04, 47.09, 47.09, 47.13, 47.04, 47.05, 47.1, 47.05, 47.28, 47.17, 47.02, 47.12, 47.06, 47.02, 47.18, 47.11, 46.98, 46.83, 47.17, 46.97, 47.06, 47.14, 47.07, 47.19, 47.01, 47.36, 47.21, 47.14, 46.85, 47.06, 47.13, 46.82, 47.1, 47.24, 47.39, 47.27, 47.14, 46.83, 47.21, 47.36, 47.09, 47.08, 47.07, 47.15, 47.16, 47.3, 47.1, 47.2, 47.17, 47.01, 46.96, 47.24, 47.01, 47.25, 47.11, 47.14, 47.13, 47.33, 47.13, 47.13, 47.24, 47.08, 46.99, 46.99, 47.16, 47.38, 47.3, 47.11, 47.24, 47.12, 47.21, 47.26, 47.09, 47.42, 47.23, 47.24, 47.41, 47.22, 47.47, 47.22, 47.29, 47.39, 47.29, 47.36, 47.23]}}