{"unit": 73, "cycle": [1, 2, 3, 4, 5, 6, 7, 8, 9, 10, 11, 12, 13, 14, 15, 16, 17, 18, 19, 20, 21, 22, 23, 24, 25, 26, 27, 28, 29, 30, 31, 32, 33, 34, 35, 36, 37, 38, 39, 40, 41, 42, 43, 44, 45, 46, 47, 48, 49, 50, 51, 52, 53, 54, 55, 56, 57, 58, 59, 60, 61, 62, 63, 64, 65, 66, 67, 68, 69, 70, 71, 72, 73, 74, 75, 76, 77, 78, 79, 80, 81, 82, 83, 84, 85, 86, 87, 88, 89, 90, 91, 92, 93, 94, 95, 96, 97, 98, 99, 100, 101, 102, 103, 104, 105, 106, 107, 108, 109], "pred_rul": [129.88999938964844, 129.77000427246094, 128.99000549316406, 129.47999572753906, 128.97999572753906, 126.66999816894531, 125.4000015258789, 126.29000091552734, 126.18000030517578, 123.37999725341797, 121.4800033569336, 122.19999694824219, 119.77999877929688, 120.02999877929688, 114.58000183105469, 114.69999694824219, 118.7699966430664, 122.81999969482422, 125.76000213623047, 126.4000015258789, 127.16000366210938, 127.27999877929688, 125.48999786376953, 128.30999755859375, 128.74000549316406, 128.77000427246094, 129.4199981689453, 127.83000183105469, 128.75, 127.95999908447266, 127.79000091552734, 127.02999877929688, 126.3499984741211, 128.60000610351562, 127.2699966430664, 127.80000305175781, 127.94000244140625, 127.45999908447266, 129.10000610351562, 128.5800018310547, 128.97999572753906, 129.22999572753906, 127.54000091552734, 129.14999389648438, 129.1699981689453, 128.88999938964844, 129.63999938964844, 128.80999755859375, 129.14999389648438, 129.19000244140625, 126.91000366210938, 120.11000061035156, 122.80000305175781, 122.7699966430664, 127.76000213623047, 125.6500015258789, 123.18000030517578, 118.44000244140625, 124.66000366210938, 122.91999816894531, 123.56999969482422, 123.83999633789062, 124.30000305175781, 122.4000015258789, 122.55000305175781, 124.5, 124.05999755859375, 121.52999877929688, 122.08000183105469, 117.83000183105469, 119.93000030517578, 120.13999938964844, 118.2699966430664, 122.45999908447266, 128.42999267578125, 125.31999969482422, 124.33000183105469, 121.5199966430664, 124.01000213623047, 125.02999877929688, 123.98999786376953, 124.70999908447266, 116.7699966430664, 119.45999908447266, 115.77999877929688, 115.12999725341797, 119.72000122070312, 120.04000091552734, 114.33999633789062, 117.7699966430664, 113.01000213623047, 107.68000030517578, 114.0, 107.1500015258789, 110.52999877929688, 107.26000213623047, 110.54000091552734, 109.4800033569336, 108.44999694824219, 105.5199966430664, 116.58000183105469, 119.08000183105469, 110.73999786376953, 111.5, 109.12000274658203, 111.0, 109.26000213623047, 116.51000213623047, 119.19999694824219], "true_rul": [125.0, 125.0, 125.0, 125.0, 125.0, 125.0, 125.0, 125.0, 125.0, 125.0, 125.0, 125.0, 125.0, 125.0, 125.0, 125.0, 125.0, 125.0, 125.0, 125.0, 125.0, 125.0, 125.0, 125.0, 125.0, 125.0, 125.0, 125.0, 125.0, 125.0, 125.0, 125.0, 125.0, 125.0, 125.0, 125.0, 125.0, 125.0, 125.0, 125.0, 125.0, 125.0, 125.0, 125.0, 125.0, 125.0, 125.0, 125.0, 125.0, 125.0, 125.0, 125.0, 125.0, 125.0, 125.0, 125.0, 125.0, 125.0, 125.0, 125.0, 125.0, 125.0, 125.0, 125.0, 125.0, 125.0, 125.0, 125.0, 125.0, 125.0, 125.0, 125.0, 125.0, 125.0, 125.0, 125.0, 125.0, 125.0, 125.0, 125.0, 125.0, 125.0, 125.0, 124.0, 123.0, 122.0, 121.0, 120.0, 119.0, 118.0, 117.0, 116.0, 115.0, 114.0, 113.0, 112.0, 111.0, 110.0, 109.0, 108.0, 107.0, 106.0, 105.0, 104.0, 103.0, 102.0, 101.0, 100.0, 99.0], "true_end": 99.0, "sensors": {"s2": [641.88, 642.17, 642.31, 641.77, 641.89, 641.76, 642.59, 641.75, 642.19, 641.84, 641.67, 642.22, 642.05, 641.99, 642.69, 642.15, 641.86, 641.6, 642.33, 641.75, 641.79, 641.98, 641.55, 642.18, 642.42, 641.87, 642.28, 641.95, 642.36, 642.13, 642.31, 641.99, 641.76, 642.16, 641.96, 641.77, 642.3, 642.15, 641.53, 642.42, 641.91, 642.14, 642.25, 641.8, 642.45, 642.44, 641.98, 642.39, 642.16, 642.26, 642.11, 642.72, 642.32, 642.01, 641.63, 641.8, 642.23, 641.57, 641.94, 641.75, 642.5, 641.98, 642.05, 642.59, 641.75, 642.55, 642.27, 641.49, 641.94, 642.03, 641.99, 642.31, 642.53, 642.05, 642.55, 642.24, 642.28, 641.9, 642.22, 642.41, 642.26, 641.92, 642.36, 641.72, 641.78, 642.36, 642.0, 642.69, 642.05, 642.28, 642.07, 642.31, 642.46, 642.26, 642.23, 641.96, 642.48, 642.07, 642.07, 642.66, 642.34, 641.94, 642.28, 642.25, 642.1, 641.98, 642.24, 642.54, 642.16], "s3": [1586.03, 1579.75, 1594.86, 1582.8, 1583.04, 1585.63, 1580.0, 1582.25, 1589.54, 1583.13, 1578.93, 1584.62, 1583.46, 1587.5, 1586.04, 1577.7, 1588.47, 1588.48, 1583.81, 1592.11, 1580.85, 1581.31, 1584.97, 1576.05, 1585.25, 1587.16, 1584.4, 1581.08, 1583.13, 1584.86, 1584.5, 1583.38, 1590.51, 1578.0, 1588.62, 1582.79, 1590.39, 1580.78, 1581.94, 1586.64, 1577.86, 1586.3, 1584.82, 1590.66, 1583.72, 1578.24, 1582.07, 1584.53, 1586.02, 1584.75, 1584.14, 1586.78, 1584.67, 1585.24, 1591.89, 1589.72, 1584.61, 1589.42, 1579.85, 1591.2, 1582.82, 1587.43, 1584.67, 1581.24, 1585.87, 1588.95, 1581.59, 1590.53, 1586.49, 1585.49, 1589.12, 1589.52, 1588.81, 1584.4, 1577.29, 1591.48, 1585.36, 1594.39, 1584.88, 1586.3, 1585.51, 1589.25, 1593.82, 1588.91, 1591.79, 1587.91, 1580.0, 1586.04, 1587.86, 1585.69, 1579.05, 1586.34, 1579.04, 1581.08, 1578.53, 1586.18, 1595.09, 1585.33, 1589.92, 1587.61, 1577.72, 1586.91, 1589.1, 1592.38, 1589.88, 1591.2, 1582.13, 1591.44, 1590.52], "s4": [1401.36, 1401.26, 1402.29, 1399.79, 1398.49, 1400.07, 1394.26, 1393.15, 1393.8, 1406.49, 1399.36, 1396.85, 1402.09, 1395.65, 1392.96, 1397.48, 1401.0, 1390.62, 1407.69, 1396.9, 1399.1, 1402.87, 1394.12, 1388.33, 1392.55, 1398.91, 1401.14, 1400.1, 1395.59, 1392.81, 1396.05, 1402.35, 1394.26, 1398.22, 1397.77, 1397.2, 1405.31, 1397.01, 1399.51, 1402.33, 1405.97, 1405.07, 1397.49, 1394.18, 1400.85, 1398.98, 1399.96, 1395.98, 1396.41, 1402.59, 1399.25, 1399.78, 1400.0, 1393.47, 1394.77, 1397.72, 1404.02, 1395.74, 1391.15, 1394.09, 1398.83, 1390.67, 1399.82, 1398.53, 1402.11, 1408.88, 1397.43, 1397.2, 1400.93, 1397.83, 1398.79, 1402.45, 1394.49, 1395.69, 1400.62, 1400.5, 1400.14, 1399.19, 1404.57, 1402.94, 1395.73, 1402.33, 1396.24, 1397.77, 1401.11, 1396.08, 1390.69, 1396.91, 1400.44, 1399.71, 1389.09, 1399.29, 1399.1, 1396.79, 1401.71, 1396.99, 1403.55, 1402.46, 1403.29, 1404.11, 1394.55, 1396.03, 1399.29, 1396.63, 1404.1, 1397.48, 1405.88, 1399.2, 1409.99], "s11": [47.14, 46.99, 47.3, 47.28, 47.3, 47.26, 47.25, 47.2, 47.19, 47.13, 47.19, 47.19, 47.21, 47.21, 47.07, 47.12, 47.22, 47.17, 47.37, 47.12, 47.29, 47.04, 47.13, 46.99, 47.19, 47.23, 47.11, 47.17, 47.25, 47.14, 47.35, 47.31, 47.16, 47.2, 47.09, 47.18, 47.15, 47.04, 47.27, 47.22, 47.32, 47.15, 47.21, 47.17, 47.26, 47.35, 47.08, 47.37, 47.27, 47.21, 47.31, 47.18, 47.32, 47.03, 47.37, 47.14, 47.08, 47.01, 47.04, 47.18, 47.27, 47.23, 47.14, 47.37, 47.26, 47.31, 47.14, 47.19, 47.21, 47.23, 47.26, 47.28, 47.31, 47.25, 47.18, 47.46, 47.24, 47.23, 47.25, 47.42, 47.26, 47.23, 47.41, 47.21, 47.28, 47.2, 47.24, 47.21, 47.33, 47.26, 47.43, 47.28, 47.42, 47.57, 47.21, 47.42, 47.43, 47.32, 47.23, 47.47, 47.16, 47.26, 47.31, 47.18, 47.22, 47.18, 47.19, 47.3, 47.26]}}