{"unit": 85, "cycle": [1, 2, 3, 4, 5, 6, 7, 8, 9, 10, 11, 12, 13, 14, 15, 16, 17, 18, 19, 20, 21, 22, 23, 24, 25, 26, 27, 28, 29, 30, 31, 32, 33, 34, 35, 36, 37, 38, 39, 40, 41, 42, 43, 44, 45, 46, 47, 48, 49, 50, 51, 52, 53, 54, 55, 56, 57, 58, 59, 60, 61, 62, 63, 64, 65, 66, 67, 68, 69, 70, 71, 72, 73, 74, 75, 76, 77, 78, 79, 80, 81, 82, 83, 84, 85, 86, 87, 88, 89, 90, 91, 92, 93, 94, 95, 96, 97, 98, 99, 100, 101, 102, 103, 104, 105, 106, 107, 108, 109, 110, 111, 112, 113, 114, 115, 116, 117, 118, 119, 120, 121, 122, 123, 124, 125, 126, 127, 128, 129, 130, 131, 132, 133, 134, 135, 136, 137, 138, 139, 140, 141, 142, 143, 144, 145, 146, 147, 148, 149, 150, 151, 152, 153, 154, 155, 156, 157, 158, 159, 160, 161, 162, 163, 164, 165, 166, 167, 168, 169, 170, 171, 172, 173, 174, 175, 176, 177, 178, 179, 180, 181, 182, 183], "pred_rul": [133.3300018310547, 135.27000427246094, 126.94000244140625, 121.48999786376953, 113.80000305175781, 108.93000030517578, 108.72000122070312, 104.0, 109.72000122070312, 104.93000030517578, 100.55999755859375, 98.66999816894531, 97.76000213623047, 98.44000244140625, 100.31999969482422, 96.01000213623047, 89.97000122070312, 89.44999694824219, 85.37000274658203, 81.9000015258789, 79.5199966430664, 73.91999816894531, 72.52999877929688, 79.20999908447266, 83.29000091552734, 84.9000015258789, 89.02999877929688, 86.91000366210938, 89.05000305175781, 95.33000183105469, 94.83999633789062, 88.37000274658203, 86.23999786376953, 89.76000213623047, 89.37999725341797, 91.33000183105469, 97.54000091552734, 100.2699966430664, 100.30999755859375, 100.76000213623047, 104.29000091552734, 110.80999755859375, 108.5, 101.25, 95.2300033569336, 95.94999694824219, 111.41000366210938, 119.08000183105469, 120.80000305175781, 114.41000366210938, 114.0999984741211, 127.31999969482422, 126.68000030517578, 114.73999786376953, 113.41999816894531, 119.12000274658203, 120.58000183105469, 119.5199966430664, 115.43000030517578, 116.18000030517578, 120.55000305175781, 123.7699966430664, 116.0999984741211, 113.5999984741211, 114.69000244140625, 113.44000244140625, 118.19000244140625, 119.7300033569336, 112.31999969482422, 110.19000244140625, 107.27999877929688, 109.7300033569336, 103.6500015258789, 98.11000061035156, 100.94999694824219, 106.72000122070312, 116.13999938964844, 109.91999816894531, 110.80000305175781, 111.19000244140625, 104.7300033569336, 110.87999725341797, 106.83000183105469, 104.68000030517578, 106.22000122070312, 111.26000213623047, 110.98999786376953, 109.12999725341797, 110.62000274658203, 116.73999786376953, 118.44000244140625, 120.55999755859375, 117.5199966430664, 114.44000244140625, 115.06999969482422, 117.05000305175781, 118.27999877929688, 120.94000244140625, 120.37000274658203, 115.31999969482422, 117.91999816894531, 117.83000183105469, 116.47000122070312, 117.80000305175781, 120.0199966430664, 124.38999938964844, 124.58999633789062, 120.52999877929688, 115.44999694824219, 117.97000122070312, 122.04000091552734, 124.62999725341797, 122.7699966430664, 118.33999633789062, 113.27999877929688, 118.55999755859375, 120.0, 113.51000213623047, 110.5199966430664, 107.77999877929688, 101.91999816894531, 106.6500015258789, 108.52999877929688, 109.01000213623047, 106.45999908447266, 108.69000244140625, 104.79000091552734, 101.95999908447266, 100.2699966430664, 95.83999633789062, 93.58000183105469, 93.45999908447266, 91.66999816894531, 87.1500015258789, 88.83000183105469, 88.26000213623047, 74.8499984741211, 76.86000061035156, 79.30999755859375, 83.62000274658203, 89.51000213623047, 90.87999725341797, 97.11000061035156, 89.04000091552734, 89.77999877929688, 90.19999694824219, 86.41999816894531, 87.44999694824219, 81.61000061035156, 83.83999633789062, 90.12000274658203, 87.87999725341797, 89.58999633789062, 86.81999969482422, 89.19000244140625, 92.80000305175781, 81.68000030517578, 72.69000244140625, 70.9800033569336, 69.66000366210938, 76.62000274658203, 77.2699966430664, 71.54000091552734, 69.37000274658203, 69.83000183105469, 76.63999938964844, 71.68000030517578, 62.119998931884766, 63.72999954223633, 57.93000030517578, 62.38999938964844, 56.130001068115234, 49.34000015258789, 48.11000061035156, 43.849998474121094, 49.02000045776367, 48.33000183105469, 49.150001525878906, 47.93000030517578, 43.529998779296875, 48.0, 45.5099983215332, 43.56999969482422], "true_rul": [125.0, 125.0, 125.0, 125.0, 125.0, 125.0, 125.0, 125.0, 125.0, 125.0, 125.0, 125.0, 125.0, 125.0, 125.0, 125.0, 125.0, 125.0, 125.0, 125.0, 125.0, 125.0, 125.0, 125.0, 125.0, 125.0, 125.0, 125.0, 125.0, 125.0, 125.0, 125.0, 125.0, 125.0, 125.0, 125.0, 125.0, 125.0, 125.0, 125.0, 125.0, 125.0, 125.0, 125.0, 125.0, 125.0, 125.0, 125.0, 125.0, 125.0, 125.0, 125.0, 125.0, 125.0, 125.0, 125.0, 125.0, 125.0, 125.0, 125.0, 125.0, 125.0, 125.0, 125.0, 125.0, 125.0, 125.0, 125.0, 125.0, 125.0, 125.0, 125.0, 125.0, 125.0, 125.0, 125.0, 125.0, 125.0, 125.0, 125.0, 125.0, 125.0, 125.0, 125.0, 125.0, 125.0, 125.0, 125.0, 125.0, 125.0, 125.0, 125.0, 125.0, 125.0, 125.0, 125.0, 125.0, 125.0, 125.0, 125.0, 125.0, 125.0, 125.0, 125.0, 125.0, 124.0, 123.0, 122.0, 121.0, 120.0, 119.0, 118.0, 117.0, 116.0, 115.0, 114.0, 113.0, 112.0, 111.0, 110.0, 109.0, 108.0, 107.0, 106.0, 105.0, 104.0, 103.0, 102.0, 101.0, 100.0, 99.0, 98.0, 97.0, 96.0, 95.0, 94.0, 93.0, 92.0, 91.0, 90.0, 89.0, 88.0, 87.0, 86.0, 85.0, 84.0, 83.0, 82.0, 81.0, 80.0, 79.0, 78.0, 77.0, 76.0, 75.0, 74.0, 73.0, 72.0, 71.0, 70.0, 69.0, 68.0, 67.0, 66.0, 65.0, 64.0, 63.0, 62.0, 61.0, 60.0, 59.0, 58.0, 57.0, 56.0, 55.0, 54.0, 53.0, 52.0, 51.0, 50.0, 49.0, 48.0, 47.0], "true_end": 47.0, "sensors": {"s2": [607.14, 536.58, 605.01, 549.44, 607.14, 549.1, 606.69, 549.33, 607.3, 548.91, 536.43, 549.5, 607.41, 550.05, 606.93, 607.65, 536.79, 536.55, 550.03, 642.52, 642.27, 642.8, 549.13, 549.1, 555.93, 549.18, 536.82, 549.41, 605.31, 549.98, 555.46, 550.1, 604.95, 549.88, 642.8, 643.0, 555.23, 555.34, 549.15, 536.9, 642.79, 549.53, 549.2, 549.5, 607.15, 607.38, 555.46, 536.79, 607.12, 537.03, 549.75, 536.6, 549.89, 537.31, 537.04, 604.98, 608.08, 549.76, 604.94, 555.5, 549.71, 555.98, 642.72, 536.7, 549.26, 536.55, 642.89, 550.07, 604.66, 536.91, 604.14, 549.17, 642.78, 549.56, 604.46, 549.49, 555.91, 607.23, 536.21, 555.36, 555.63, 555.76, 607.61, 536.89, 555.63, 536.68, 642.68, 642.76, 555.19, 550.01, 642.47, 607.23, 642.28, 605.24, 536.86, 536.98, 605.22, 605.05, 549.84, 607.41, 536.86, 549.54, 536.78, 555.71, 642.72, 642.56, 549.48, 537.0, 642.92, 549.87, 555.52, 548.92, 536.88, 604.97, 555.95, 642.32, 555.93, 604.78, 607.14, 536.54, 555.34, 607.85, 537.09, 642.67, 536.66, 604.98, 643.21, 549.76, 555.57, 548.91, 604.57, 607.54, 555.56, 642.75, 550.26, 555.43, 604.63, 605.47, 605.52, 604.68, 555.99, 536.99, 642.96, 549.79, 604.84, 550.29, 607.82, 549.47, 556.05, 642.86, 536.68, 555.75, 549.28, 605.02, 608.22, 536.88, 549.85, 555.58, 537.21, 549.75, 550.18, 605.34, 607.65, 605.02, 549.43, 537.08, 642.19, 607.83, 549.92, 549.99, 536.92, 550.29, 608.15, 555.94, 604.54, 642.89, 607.6, 608.06, 549.8, 556.6, 643.16, 549.84, 536.88],