{"unit": 221, "cycle": [1, 2, 3, 4, 5, 6, 7, 8, 9, 10, 11, 12, 13, 14, 15, 16, 17, 18, 19, 20, 21, 22, 23, 24, 25, 26, 27, 28, 29, 30, 31, 32, 33, 34, 35, 36, 37, 38, 39, 40, 41, 42, 43, 44, 45, 46, 47, 48, 49, 50, 51, 52, 53, 54, 55, 56, 57, 58, 59, 60, 61, 62, 63, 64, 65, 66, 67, 68, 69, 70, 71, 72, 73, 74, 75, 76, 77, 78, 79, 80, 81, 82, 83, 84, 85, 86, 87, 88, 89, 90, 91, 92, 93, 94, 95, 96, 97, 98, 99, 100, 101, 102, 103, 104, 105, 106, 107, 108, 109, 110, 111, 112, 113, 114, 115, 116, 117, 118, 119, 120, 121, 122, 123, 124, 125, 126, 127, 128, 129, 130, 131, 132, 133, 134, 135, 136, 137, 138, 139, 140, 141, 142, 143, 144, 145, 146, 147, 148, 149, 150, 151, 152, 153, 154, 155, 156, 157, 158, 159, 160, 161, 162, 163, 164, 165, 166, 167, 168, 169, 170, 171, 172, 173, 174, 175, 176], "pred_rul": [124.27999877929688, 124.7300033569336, 124.12000274658203, 122.7300033569336, 123.26000213623047, 120.87999725341797, 120.26000213623047, 122.05999755859375, 121.7699966430664, 119.01000213623047, 119.48999786376953, 118.48999786376953, 119.62999725341797, 118.66999816894531, 119.95999908447266, 119.80000305175781, 118.9800033569336, 119.25, 119.94999694824219, 120.69000244140625, 118.04000091552734, 118.9800033569336, 117.22000122070312, 120.77999877929688, 114.70999908447266, 118.08999633789062, 114.31999969482422, 115.98999786376953, 113.05000305175781, 115.19000244140625, 117.63999938964844, 118.6500015258789, 116.81999969482422, 119.20999908447266, 118.88999938964844, 116.58000183105469, 117.8499984741211, 117.61000061035156, 119.77999877929688, 118.37999725341797, 117.63999938964844, 115.79000091552734, 118.26000213623047, 117.26000213623047, 117.4800033569336, 117.05000305175781, 120.37000274658203, 120.8499984741211, 119.66999816894531, 118.94999694824219, 120.81999969482422, 120.5999984741211, 121.70999908447266, 121.55999755859375, 121.23999786376953, 120.01000213623047, 120.87000274658203, 118.41000366210938, 124.08000183105469, 120.77999877929688, 124.94999694824219, 119.83999633789062, 123.41999816894531, 121.76000213623047, 123.37000274658203, 120.16000366210938, 123.47000122070312, 120.43000030517578, 121.43000030517578, 122.94000244140625, 122.66999816894531, 120.29000091552734, 124.06999969482422, 122.66000366210938, 127.48999786376953, 121.98999786376953, 123.94000244140625, 121.04000091552734, 123.5999984741211, 119.16000366210938, 122.3499984741211, 117.61000061035156, 123.55999755859375, 121.12999725341797, 123.77999877929688, 121.0999984741211, 121.69999694824219, 119.08000183105469, 117.77999877929688, 119.66000366210938, 121.55000305175781, 121.30000305175781, 120.91999816894531, 122.68000030517578, 123.0199966430664, 124.25, 120.5, 121.58999633789062, 122.11000061035156, 123.81999969482422, 123.12999725341797, 122.4800033569336, 125.44999694824219, 124.98999786376953, 125.29000091552734, 126.19999694824219, 125.83000183105469, 126.31999969482422, 125.69999694824219, 126.66999816894531, 124.12000274658203, 126.66000366210938, 126.79000091552734, 126.7699966430664, 126.2300033569336, 127.68000030517578, 126.58000183105469, 124.7300033569336, 120.41999816894531, 122.44999694824219, 119.70999908447266, 120.88999938964844, 116.5199966430664, 119.54000091552734, 117.51000213623047, 118.19000244140625, 116.0999984741211, 117.48999786376953, 116.05000305175781, 118.56999969482422, 117.76000213623047, 117.7300033569336, 114.44999694824219, 114.06999969482422, 108.2699966430664, 109.12000274658203, 106.29000091552734, 105.13999938964844, 104.2300033569336, 103.94000244140625, 101.02999877929688, 98.36000061035156, 94.5199966430664, 97.13999938964844, 101.80999755859375, 105.22000122070312, 107.9800033569336, 111.91000366210938, 108.87999725341797, 112.0, 108.66000366210938, 104.41000366210938, 108.54000091552734, 108.12000274658203, 109.19999694824219, 109.25, 109.44000244140625, 104.33000183105469, 105.44000244140625, 104.7300033569336, 106.66000366210938, 93.12000274658203, 103.55000305175781, 96.43000030517578, 101.45999908447266, 87.61000061035156, 92.41000366210938, 92.5999984741211, 97.55000305175781, 86.5999984741211, 88.31999969482422, 83.76000213623047, 84.7699966430664, 74.1500015258789, 83.44999694824219, 71.80999755859375], "true_rul": [125.0, 125.0, 125.0, 125.0, 125.0, 125.0, 125.0, 125.0, 125.0, 125.0, 125.0, 125.0, 125.0, 125.0, 125.0, 125.0, 125.0, 125.0, 125.0, 125.0, 125.0, 125.0, 125.0, 125.0, 125.0, 125.0, 125.0, 125.0, 125.0, 125.0, 125.0, 125.0, 125.0, 125.0, 125.0, 125.0, 125.0, 125.0, 125.0, 125.0, 125.0, 125.0, 125.0, 125.0, 125.0, 125.0, 125.0, 125.0, 125.0, 125.0, 125.0, 125.0, 125.0, 125.0, 125.0, 125.0, 125.0, 125.0, 125.0, 125.0, 125.0, 125.0, 125.0, 125.0, 125.0, 125.0, 125.0, 125.0, 125.0, 125.0, 125.0, 125.0, 125.0, 125.0, 125.0, 125.0, 125.0, 125.0, 125.0, 125.0, 125.0, 125.0, 125.0, 125.0, 125.0, 125.0, 125.0, 125.0, 125.0, 125.0, 125.0, 125.0, 125.0, 125.0, 125.0, 125.0, 125.0, 125.0, 125.0, 125.0, 125.0, 125.0, 125.0, 125.0, 125.0, 125.0, 125.0, 125.0, 125.0, 125.0, 125.0, 125.0, 125.0, 125.0, 125.0, 125.0, 125.0, 125.0, 125.0, 125.0, 125.0, 125.0, 125.0, 125.0, 124.0, 123.0, 122.0, 121.0, 120.0, 119.0, 118.0, 117.0, 116.0, 115.0, 114.0, 113.0, 112.0, 111.0, 110.0, 109.0, 108.0, 107.0, 106.0, 105.0, 104.0, 103.0, 102.0, 101.0, 100.0, 99.0, 98.0, 97.0, 96.0, 95.0, 94.0, 93.0, 92.0, 91.0, 90.0, 89.0, 88.0, 87.0, 86.0, 85.0, 84.0, 83.0, 82.0, 81.0, 80.0, 79.0, 78.0, 77.0, 76.0, 75.0, 74.0, 73.0], "true_end": 73.0, "sensors": {"s2": [554.93, 606.92, 548.92, 554.89, 604.35, 604.24, 536.65, 548.61, 548.96, 555.5, 549.49, 555.3, 549.09, 607.06, 536.76, 554.73, 549.3, 604.16, 536.51, 604.36, 549.02, 549.57, 536.14, 548.96, 641.93, 536.71, 607.06, 536.71, 549.49, 641.88, 606.85, 536.37, 641.89, 554.94, 641.67, 549.97, 641.82, 555.35, 548.45, 536.67, 536.65, 536.84, 604.5, 642.67, 536.4, 604.8, 555.57, 536.76, 642.37, 604.49, 549.01, 555.21, 604.26, 549.09, 642.06, 642.05, 642.34, 549.31, 606.99, 536.59, 554.79, 641.66, 606.97, 641.88, 536.76, 548.88, 536.6, 641.96, 549.37, 556.12, 549.02, 606.77, 606.5, 554.82, 604.46, 641.85, 536.51, 549.25, 604.74, 549.15, 641.84, 548.98, 554.8, 607.22, 604.18, 536.08, 642.43, 536.69, 555.36, 549.22, 604.37, 642.07, 606.78, 555.65, 549.16, 549.2, 604.53, 536.75, 555.28, 549.14, 548.94, 607.31, 536.69, 603.96, 536.14, 606.77, 536.19, 607.09, 606.75, 555.05, 555.06, 606.83, 606.81, 549.2, 548.96, 549.54, 549.28, 555.03, 537.2, 536.3, 642.26, 548.88, 536.83, 606.72, 536.53, 604.58, 604.64, 604.53, 606.72, 604.57, 548.83, 642.02, 604.37, 641.66, 536.74, 642.03, 606.85, 549.11, 604.98, 554.86, 641.9, 604.63, 604.35, 604.8, 549.11, 555.15, 548.89, 549.19, 555.36, 607.2, 536.88, 607.37, 607.53, 605.24, 549.27, 642.16, 603.96, 604.47, 536.64, 604.93, 555.59, 642.65, 607.14, 549.39, 604.36, 604.5, 556.24, 548.76, 607.27, 607.5, 555.17, 604.73, 642.82, 606.68, 554.95, 536.58],