{"unit": 65, "cycle": [1, 2, 3, 4, 5, 6, 7, 8, 9, 10, 11, 12, 13, 14, 15, 16, 17, 18, 19, 20, 21, 22, 23, 24, 25, 26, 27, 28, 29, 30, 31, 32, 33, 34, 35, 36, 37, 38, 39, 40, 41, 42, 43, 44, 45, 46, 47, 48, 49, 50, 51, 52, 53, 54, 55, 56, 57, 58, 59, 60, 61, 62, 63, 64, 65, 66, 67, 68, 69, 70, 71, 72, 73, 74, 75, 76, 77, 78, 79], "pred_rul": [128.38999938964844, 128.83999633789062, 127.83999633789062, 123.87000274658203, 123.77999877929688, 115.5199966430664, 116.13999938964844, 114.33999633789062, 115.69999694824219, 114.7699966430664, 113.19999694824219, 114.12000274658203, 112.61000061035156, 116.12999725341797, 117.93000030517578, 116.69000244140625, 115.63999938964844, 115.80000305175781, 116.87000274658203, 119.27999877929688, 122.83000183105469, 121.43000030517578, 123.5999984741211, 122.05999755859375, 117.98999786376953, 116.51000213623047, 120.06999969482422, 119.58999633789062, 117.48999786376953, 117.0, 114.13999938964844, 119.41999816894531, 123.30000305175781, 118.86000061035156, 120.19999694824219, 117.91999816894531, 119.0999984741211, 125.18000030517578, 122.94999694824219, 120.12999725341797, 114.83000183105469, 119.08000183105469, 128.47000122070312, 129.6300048828125, 129.4600067138672, 127.87999725341797, 127.83999633789062, 128.61000061035156, 130.58999633789062, 130.80999755859375, 128.91000366210938, 130.17999267578125, 130.1300048828125, 130.11000061035156, 124.18000030517578, 121.61000061035156, 126.70999908447266, 128.3699951171875, 129.22999572753906, 129.94000244140625, 129.32000732421875, 130.05999755859375, 129.8300018310547, 129.92999267578125, 130.05999755859375, 128.36000061035156, 129.3699951171875, 129.39999389648438, 129.19000244140625, 129.3000030517578, 128.22999572753906, 129.66000366210938, 129.94000244140625, 129.75999450683594, 129.8300018310547, 128.9499969482422, 130.13999938964844, 129.60000610351562, 130.32000732421875], "true_rul": [125.0, 125.0, 125.0, 125.0, 125.0, 125.0, 125.0, 125.0, 125.0, 125.0, 125.0, 125.0, 125.0, 125.0, 125.0, 125.0, 125.0, 125.0, 125.0, 125.0, 125.0, 125.0, 125.0, 125.0, 125.0, 125.0, 125.0, 125.0, 125.0, 125.0, 125.0, 125.0, 125.0, 125.0, 125.0, 125.0, 125.0, 125.0, 125.0, 125.0, 125.0, 125.0, 125.0, 125.0, 125.0, 125.0, 125.0, 125.0, 125.0, 125.0, 125.0, 125.0, 125.0, 125.0, 125.0, 125.0, 125.0, 125.0, 125.0, 125.0, 125.0, 125.0, 125.0, 125.0, 125.0, 125.0, 125.0, 125.0, 125.0, 124.0, 123.0, 122.0, 121.0, 120.0, 119.0, 118.0, 117.0, 116.0, 115.0], "true_end": 115.0, "sensors": {"s2": [641.91, 642.3, 642.13, 642.48, 642.02, 642.79, 642.01, 641.91, 641.84, 641.86, 641.42, 642.5, 642.24, 641.78, 642.35, 642.5, 642.13, 642.17, 642.22, 641.94, 642.32, 641.31, 642.09, 642.28, 642.63, 641.78, 642.31, 642.9, 641.63, 642.26, 641.64, 641.71, 642.34, 642.08, 642.47, 642.18, 642.17, 642.46, 642.07, 642.28, 642.12, 642.02, 642.35, 642.49, 642.43, 641.74, 642.07, 642.49, 642.34, 642.26, 642.16, 641.69, 642.08, 641.87, 642.26, 642.2, 642.23, 641.91, 641.74, 641.46, 642.34, 642.05, 642.26, 641.69, 642.34, 641.87, 642.29, 641.81, 641.96, 642.2, 642.03, 642.1, 642.06, 642.38, 641.6, 642.09, 642.03, 642.14, 641.7], "s3": [1592.15, 1583.34, 1577.87, 1582.96, 1587.85, 1582.26, 1588.83, 1581.85, 1582.76, 1587.7, 1586.21, 1575.52, 1581.32, 1589.28, 1585.26, 1586.83, 1582.2, 1580.09, 1583.56, 1582.6, 1586.7, 1582.42, 1583.98, 1587.97, 1585.44, 1590.76, 1582.13, 1585.44, 1583.86, 1582.95, 1579.47, 1583.97, 1582.41, 1586.68, 1574.88, 1588.77, 1587.11, 1575.11, 1587.6, 1585.97, 1576.81, 1585.58, 1584.31, 1582.19, 1586.72, 1587.76, 1590.92, 1583.21, 1584.09, 1576.92, 1588.0, 1582.41, 1586.05, 1589.69, 1582.84, 1583.49, 1586.52, 1582.45, 1587.11, 1583.87, 1580.1, 1593.0, 1583.8, 1582.59, 1588.68, 1588.29, 1577.38, 1580.22, 1577.92, 1578.81, 1585.19, 1583.66, 1586.03, 1585.06, 1584.05, 1594.74, 1582.01, 1589.04, 1577.55], "s4": [1389.96, 1393.91, 1395.58, 1397.29, 1391.09, 1399.76, 1399.99, 1396.1, 1393.61, 1397.57, 1402.15, 1395.8, 1391.45, 1396.83, 1397.01, 1397.58, 1398.39, 1395.57, 1398.29, 1396.75, 1390.25, 1396.03, 1397.96, 1395.09, 1407.43, 1392.3, 1397.98, 1401.87, 1399.32, 1390.3, 1402.67, 1394.5, 1396.83, 1397.93, 1398.48, 1392.53, 1399.37, 1396.03, 1392.52, 1396.79, 1394.99, 1397.8, 1396.84, 1392.52, 1397.95, 1400.25, 1393.87, 1406.07, 1394.35, 1397.16, 1394.75, 1398.54, 1397.23, 1397.42, 1393.99, 1404.05, 1390.2, 1397.61, 1396.9, 1398.4, 1402.58, 1396.66, 1398.84, 1399.25, 1400.65, 1396.29, 1396.68, 1393.23, 1402.1, 1397.99, 1396.6, 1401.24, 1397.33, 1398.46, 1401.42, 1399.93, 1391.55, 1395.4, 1399.6], "s11": [47.1, 47.06, 46.95, 47.21, 47.13, 47.08, 47.22, 47.06, 47.28, 47.4, 47.2, 47.04, 47.15, 47.19, 47.13, 47.03, 47.18, 47.2, 47.03, 46.96, 47.15, 47.21, 47.11, 47.2, 47.18, 47.12, 47.24, 47.07, 47.16, 47.44, 47.06, 47.2, 47.22, 47.01, 47.03, 47.24, 47.18, 47.1, 47.3, 47.03, 47.12, 47.02, 46.92, 47.04, 47.11, 47.0, 47.37, 47.1, 47.28, 47.26, 47.22, 47.29, 47.26, 47.11, 47.24, 47.24, 47.2, 47.3, 47.14, 47.22, 47.1, 47.26, 47.21, 47.24, 47.13, 47.14, 47.27, 47.11, 47.13, 47.26, 47.29, 47.05, 47.26, 47.25, 47.24, 47.19, 47.08, 47.17, 47.16]}}