{"unit": 33, "cycle": [1, 2, 3, 4, 5, 6, 7, 8, 9, 10, 11, 12, 13, 14, 15, 16, 17, 18, 19, 20, 21, 22, 23, 24, 25, 26, 27, 28, 29, 30, 31, 32, 33, 34, 35, 36, 37, 38, 39, 40, 41, 42, 43, 44, 45, 46, 47, 48, 49, 50, 51, 52, 53, 54, 55, 56, 57, 58, 59, 60, 61, 62, 63, 64, 65, 66, 67, 68, 69, 70, 71, 72, 73, 74, 75, 76, 77, 78, 79, 80, 81, 82, 83, 84, 85, 86, 87, 88, 89, 90, 91, 92, 93, 94, 95, 96, 97, 98, 99, 100, 101, 102, 103, 104, 105, 106, 107, 108, 109, 110, 111, 112, 113, 114, 115, 116, 117, 118, 119, 120, 121, 122, 123, 124, 125, 126, 127, 128, 129, 130, 131, 132, 133, 134, 135, 136, 137, 138, 139, 140, 141, 142, 143, 144, 145, 146, 147, 148, 149, 150, 151, 152, 153, 154, 155, 156, 157, 158, 159, 160, 161, 162, 163, 164, 165, 166, 167, 168, 169, 170, 171, 172, 173, 174, 175, 176, 177, 178, 179, 180], "pred_rul": [129.7899932861328, 127.88999938964844, 123.51000213623047, 120.04000091552734, 109.02999877929688, 106.54000091552734, 112.87999725341797, 100.33999633789062, 95.3499984741211, 95.13999938964844, 88.7699966430664, 85.79000091552734, 88.22000122070312, 82.94000244140625, 85.69000244140625, 85.20999908447266, 86.44000244140625, 89.18000030517578, 88.9000015258789, 87.25, 90.73999786376953, 89.56999969482422, 99.27999877929688, 96.44999694824219, 94.37999725341797, 97.9800033569336, 97.88999938964844, 107.79000091552734, 111.16999816894531, 106.76000213623047, 107.83000183105469, 104.37000274658203, 114.48999786376953, 117.33000183105469, 113.95999908447266, 110.51000213623047, 112.83000183105469, 118.33000183105469, 118.47000122070312, 115.06999969482422, 115.5199966430664, 114.31999969482422, 117.58000183105469, 119.2300033569336, 118.72000122070312, 123.80000305175781, 123.13999938964844, 127.33000183105469, 129.08999633789062, 127.75, 128.2100067138672, 126.41000366210938, 128.42999267578125, 129.6300048828125, 127.47000122070312, 127.13999938964844, 125.58999633789062, 127.3499984741211, 125.94999694824219, 124.12999725341797, 123.47000122070312, 120.91000366210938, 125.62000274658203, 127.27999877929688, 127.41999816894531, 127.63999938964844, 122.16000366210938, 126.95999908447266, 127.43000030517578, 128.0, 128.88999938964844, 125.72000122070312, 127.41000366210938, 127.18000030517578, 127.2699966430664, 126.93000030517578, 127.51000213623047, 127.13999938964844, 127.08000183105469, 126.36000061035156, 126.56999969482422, 126.1500015258789, 126.58999633789062, 126.26000213623047, 121.91999816894531, 120.23999786376953, 121.37000274658203, 119.62999725341797, 121.98999786376953, 122.86000061035156, 121.48999786376953, 122.83000183105469, 119.31999969482422, 124.44000244140625, 123.91999816894531, 124.54000091552734, 124.5, 123.58000183105469, 125.22000122070312, 125.37999725341797, 126.23999786376953, 127.23999786376953, 126.44000244140625, 124.97000122070312, 124.31999969482422, 115.9000015258789, 119.29000091552734, 120.9800033569336, 122.2300033569336, 124.33000183105469, 121.72000122070312, 126.02999877929688, 125.0199966430664, 124.05000305175781, 126.27999877929688, 116.36000061035156, 115.9800033569336, 120.30000305175781, 120.12999725341797, 121.12000274658203, 118.0999984741211, 114.27999877929688, 114.30000305175781, 117.45999908447266, 114.86000061035156, 118.4000015258789, 106.75, 102.11000061035156, 104.9000015258789, 92.05000305175781, 93.11000061035156, 101.75, 93.31999969482422, 94.5, 85.54000091552734, 91.5, 89.20999908447266, 76.81999969482422, 81.88999938964844, 87.66000366210938, 85.97000122070312, 87.0, 84.30000305175781, 84.69000244140625, 79.69999694824219, 84.05999755859375, 89.94999694824219, 98.29000091552734, 105.54000091552734, 95.30000305175781, 99.95999908447266, 101.30000305175781, 94.80000305175781, 98.12000274658203, 96.29000091552734, 99.55999755859375, 101.91000366210938, 98.9000015258789, 93.4000015258789, 101.55000305175781, 104.29000091552734, 111.12000274658203, 106.52999877929688, 110.33000183105469, 113.9000015258789, 96.58999633789062, 100.29000091552734, 94.52999877929688, 100.23999786376953, 94.94000244140625, 89.5199966430664, 80.11000061035156, 69.30000305175781, 93.47000122070312, 89.0, 78.66000366210938, 71.48999786376953, 60.91999816894531, 74.79000091552734, 74.56999969482422], "true_rul": [125.0, 125.0, 125.0, 125.0, 125.0, 125.0, 125.0, 125.0, 125.0, 125.0, 125.0, 125.0, 125.0, 125.0, 125.0, 125.0, 125.0, 125.0, 125.0, 125.0, 125.0, 125.0, 125.0, 125.0, 125.0, 125.0, 125.0, 125.0, 125.0, 125.0, 125.0, 125.0, 125.0, 125.0, 125.0, 125.0, 125.0, 125.0, 125.0, 125.0, 125.0, 125.0, 125.0, 125.0, 125.0, 125.0, 125.0, 125.0, 125.0, 125.0, 125.0, 125.0, 125.0, 125.0, 125.0, 125.0, 125.0, 125.0, 125.0, 125.0, 125.0, 125.0, 125.0, 125.0, 125.0, 125.0, 125.0, 125.0, 125.0, 125.0, 125.0, 125.0, 125.0, 125.0, 125.0, 125.0, 125.0, 125.0, 125.0, 125.0, 125.0, 125.0, 125.0, 125.0, 125.0, 125.0, 125.0, 125.0, 125.0, 125.0, 125.0, 125.0, 125.0, 125.0, 125.0, 125.0, 125.0, 125.0, 125.0, 125.0, 125.0, 125.0, 125.0, 125.0, 125.0, 125.0, 125.0, 125.0, 125.0, 125.0, 125.0, 125.0, 125.0, 125.0, 125.0, 125.0, 125.0, 125.0, 125.0, 125.0, 125.0, 125.0, 125.0, 125.0, 125.0, 125.0, 124.0, 123.0, 122.0, 121.0, 120.0, 119.0, 118.0, 117.0, 116.0, 115.0, 114.0, 113.0, 112.0, 111.0, 110.0, 109.0, 108.0, 107.0, 106.0, 105.0, 104.0, 103.0, 102.0, 101.0, 100.0, 99.0, 98.0, 97.0, 96.0, 95.0, 94.0, 93.0, 92.0, 91.0, 90.0, 89.0, 88.0, 87.0, 86.0, 85.0, 84.0, 83.0, 82.0, 81.0, 80.0, 79.0, 78.0, 77.0, 76.0, 75.0, 74.0, 73.0, 72.0, 71.0], "true_end": 71.0, "sensors": {"s2": [641.9, 641.56, 641.78, 642.18, 642.44, 642.73, 641.57, 642.19, 642.09, 641.95, 641.96, 642.05, 641.81, 642.11, 642.43, 642.31, 641.94, 642.35, 641.85, 641.9, 642.22, 642.01, 642.05, 642.2, 642.43, 642.19, 642.0, 641.45, 641.74, 641.57, 641.89, 641.82, 642.54, 641.96, 642.52, 642.17, 641.78, 642.13, 642.56, 641.59, 642.53, 641.8, 642.27, 642.46, 641.95, 641.57, 642.04, 642.28, 642.12, 642.46, 642.23, 641.94, 642.27, 642.42, 642.11, 642.0, 642.1, 641.55, 642.38, 641.99, 642.56, 642.03, 641.59, 642.0, 642.09, 642.33, 642.15, 642.49, 642.45, 642.13, 642.0, 642.08, 642.56, 642.28, 641.97, 642.64, 641.88, 642.22, 642.54, 642.12, 641.99, 642.11, 642.0, 641.65, 642.25, 642.34, 642.26, 641.83, 642.72, 642.05, 642.68, 642.66, 641.86, 641.73, 642.2, 642.03, 642.69, 642.27, 642.27, 642.13, 642.04, 642.32, 642.45, 642.79, 642.49, 642.57, 642.36, 642.11, 642.22, 642.47, 642.29, 641.97, 642.03, 642.31, 642.3, 642.07, 642.19, 642.19, 642.27, 642.38, 642.9, 642.27, 641.93, 642.18, 642.51, 642.26, 641.99, 642.65, 642.44, 642.4, 642.29, 642.46, 642.66, 642.61, 642.22, 642.36, 642.41, 641.69, 642.71, 642.51, 642.92, 642.39, 642.16, 641.91, 642.69, 642.1, 642.42, 641.74, 642.44, 642.71, 642.49, 642.4, 642.43, 642.13, 642.73, 642.36, 642.66, 642.64, 642.06, 642.44, 642.56, 642.78, 642.38, 642.32, 642.62, 642.93, 642.3, 642.64, 642.91, 641.97, 641.77, 642.86, 641.93, 642.59, 642.35, 642.36, 642.44, 641.86, 642.77, 642.74],