{"unit": 89, "cycle": [1, 2, 3, 4, 5, 6, 7, 8, 9, 10, 11, 12, 13, 14, 15, 16, 17, 18, 19, 20, 21, 22, 23, 24, 25, 26, 27, 28, 29, 30, 31, 32, 33, 34, 35, 36, 37, 38, 39, 40, 41, 42, 43, 44, 45, 46, 47, 48, 49, 50, 51, 52, 53, 54, 55, 56, 57, 58, 59, 60, 61, 62, 63, 64, 65, 66, 67, 68, 69, 70, 71, 72, 73, 74, 75, 76, 77, 78, 79, 80, 81, 82, 83, 84, 85, 86, 87, 88, 89, 90, 91, 92, 93, 94, 95, 96, 97, 98, 99, 100, 101, 102, 103, 104, 105, 106, 107, 108, 109, 110, 111, 112, 113, 114, 115, 116, 117, 118, 119, 120, 121, 122, 123, 124, 125, 126, 127, 128, 129, 130, 131, 132, 133, 134, 135, 136, 137, 138, 139, 140, 141, 142, 143, 144, 145, 146, 147, 148, 149, 150, 151, 152, 153, 154, 155, 156, 157, 158, 159, 160, 161, 162, 163, 164, 165, 166, 167, 168, 169, 170, 171, 172, 173, 174, 175, 176, 177], "pred_rul": [127.16000366210938, 129.7100067138672, 124.80000305175781, 124.4800033569336, 121.30999755859375, 124.2699966430664, 121.4800033569336, 126.55999755859375, 120.37999725341797, 122.75, 116.4000015258789, 121.47000122070312, 121.70999908447266, 122.94000244140625, 125.55999755859375, 124.77999877929688, 127.9800033569336, 127.69999694824219, 127.38999938964844, 130.3000030517578, 126.87000274658203, 128.75, 128.08999633789062, 127.30000305175781, 129.97000122070312, 125.88999938964844, 129.0, 132.35000610351562, 131.7100067138672, 134.25999450683594, 133.32000732421875, 133.32000732421875, 132.30999755859375, 134.64999389648438, 134.33999633789062, 134.49000549316406, 133.6699981689453, 133.42999267578125, 134.19000244140625, 137.16000366210938, 136.41000366210938, 135.99000549316406, 135.1699981689453, 134.8300018310547, 135.63999938964844, 134.0, 129.19000244140625, 131.74000549316406, 131.1300048828125, 128.75999450683594, 124.83999633789062, 126.86000061035156, 123.91999816894531, 122.80000305175781, 124.86000061035156, 123.08000183105469, 122.12999725341797, 120.76000213623047, 120.41000366210938, 119.0999984741211, 117.37000274658203, 117.62999725341797, 120.9000015258789, 117.12999725341797, 113.44999694824219, 107.13999938964844, 104.62999725341797, 109.4000015258789, 112.8499984741211, 109.05999755859375, 108.26000213623047, 106.33000183105469, 110.16999816894531, 112.37000274658203, 114.87000274658203, 105.12999725341797, 105.83999633789062, 109.54000091552734, 112.55000305175781, 112.05999755859375, 110.93000030517578, 101.5199966430664, 103.08000183105469, 110.19000244140625, 110.87000274658203, 105.7699966430664, 96.62999725341797, 102.55000305175781, 100.0999984741211, 106.3499984741211, 114.93000030517578, 109.83999633789062, 120.01000213623047, 121.41999816894531, 115.83000183105469, 110.12000274658203, 101.0999984741211, 110.93000030517578, 112.30000305175781, 117.5999984741211, 121.2300033569336, 118.83000183105469, 113.29000091552734, 114.02999877929688, 120.51000213623047, 117.5999984741211, 117.86000061035156, 114.01000213623047, 119.86000061035156, 112.62999725341797, 114.9800033569336, 115.36000061035156, 112.48999786376953, 117.52999877929688, 110.08000183105469, 102.08999633789062, 110.47000122070312, 111.38999938964844, 120.80999755859375, 109.69000244140625, 107.6500015258789, 108.68000030517578, 112.81999969482422, 116.62000274658203, 119.94000244140625, 115.16000366210938, 115.16000366210938, 115.77999877929688, 114.76000213623047, 110.41999816894531, 118.13999938964844, 112.37999725341797, 111.83999633789062, 116.55999755859375, 114.61000061035156, 114.16000366210938, 116.11000061035156, 112.97000122070312, 116.16000366210938, 118.94000244140625, 119.23999786376953, 115.37999725341797, 113.80000305175781, 117.91000366210938, 118.37999725341797, 116.1500015258789, 114.51000213623047, 115.41999816894531, 121.47000122070312, 112.9000015258789, 112.51000213623047, 111.29000091552734, 111.41999816894531, 115.33000183105469, 108.12000274658203, 113.23999786376953, 113.30000305175781, 117.54000091552734, 119.87000274658203, 118.75, 121.0999984741211, 123.16000366210938, 123.29000091552734, 128.11000061035156, 120.87999725341797, 119.66999816894531, 122.0199966430664, 121.73999786376953, 119.52999877929688, 118.19999694824219, 119.1500015258789, 118.08000183105469, 119.0199966430664, 121.77999877929688, 114.06999969482422, 118.27999877929688, 116.13999938964844], "true_rul": [125.0, 125.0, 125.0, 125.0, 125.0, 125.0, 125.0, 125.0, 125.0, 125.0, 125.0, 125.0, 125.0, 125.0, 125.0, 125.0, 125.0, 125.0, 125.0, 125.0, 125.0, 125.0, 125.0, 125.0, 125.0, 125.0, 125.0, 125.0, 125.0, 125.0, 125.0, 125.0, 125.0, 125.0, 125.0, 125.0, 125.0, 125.0, 125.0, 125.0, 125.0, 125.0, 125.0, 125.0, 125.0, 125.0, 125.0, 125.0, 125.0, 125.0, 125.0, 125.0, 125.0, 125.0, 125.0, 125.0, 125.0, 125.0, 125.0, 125.0, 125.0, 125.0, 125.0, 125.0, 125.0, 125.0, 125.0, 125.0, 125.0, 125.0, 125.0, 125.0, 125.0, 125.0, 125.0, 125.0, 125.0, 125.0, 125.0, 125.0, 125.0, 125.0, 125.0, 125.0, 125.0, 125.0, 125.0, 125.0, 125.0, 125.0, 125.0, 125.0, 125.0, 125.0, 125.0, 125.0, 125.0, 125.0, 125.0, 125.0, 125.0, 125.0, 125.0, 125.0, 125.0, 125.0, 125.0, 125.0, 125.0, 125.0, 125.0, 125.0, 125.0, 125.0, 125.0, 125.0, 125.0, 125.0, 125.0, 125.0, 125.0, 125.0, 125.0, 125.0, 125.0, 125.0, 125.0, 125.0, 125.0, 125.0, 125.0, 125.0, 125.0, 125.0, 125.0, 125.0, 125.0, 125.0, 125.0, 125.0, 125.0, 125.0, 125.0, 125.0, 125.0, 125.0, 125.0, 125.0, 125.0, 125.0, 125.0, 125.0, 125.0, 125.0, 125.0, 125.0, 125.0, 125.0, 125.0, 125.0, 125.0, 125.0, 125.0, 125.0, 125.0, 125.0, 125.0, 125.0, 125.0, 125.0, 125.0, 125.0, 125.0, 125.0, 125.0, 125.0, 125.0], "true_end": 125.0, "sensors": {"s2": [642.46, 642.49, 642.83, 642.55, 642.81, 642.21, 642.77, 642.56, 643.11, 642.62, 642.49, 642.39, 642.43, 642.29, 641.98, 641.95, 642.95, 642.6, 641.97, 642.13, 642.24, 642.77, 642.82, 642.31, 642.81, 642.28, 642.48, 641.98, 642.91, 642.55, 642.4, 642.04, 642.18, 641.77, 643.04, 642.43, 642.39, 642.37, 642.43, 642.71, 642.43, 642.25, 643.09, 642.28, 642.67, 642.33, 642.37, 642.12, 642.97, 642.2, 642.52, 641.88, 642.67, 642.36, 642.26, 642.14, 642.92, 642.33, 643.05, 642.49, 642.06, 642.33, 642.35, 642.54, 642.35, 642.79, 642.66, 642.41, 642.23, 642.91, 642.34, 642.66, 642.44, 642.72, 642.41, 642.98, 642.09, 642.14, 642.41, 642.19, 642.75, 642.21, 642.45, 642.54, 642.4, 642.78, 642.3, 642.42, 642.38, 642.01, 643.06, 642.21, 642.34, 642.7, 642.92, 642.84, 642.55, 642.82, 643.14, 642.07, 642.12, 642.61, 643.28, 643.0, 642.25, 642.87, 642.57, 642.79, 643.3, 643.04, 642.93, 642.13, 642.68, 642.7, 642.06, 642.68, 642.46, 642.54, 642.38, 642.5, 642.74, 642.73, 642.37, 642.29, 642.78, 642.54, 642.91, 642.81, 642.6, 642.64, 642.36, 643.22, 642.6, 642.23, 642.69, 642.58, 642.43, 642.32, 642.57, 643.17, 642.82, 642.62, 641.99, 642.91, 642.85, 642.6, 643.01, 642.93, 642.38, 642.89, 642.88, 642.22, 642.36, 642.35, 642.6, 642.6, 642.49, 642.74, 642.88, 642.62, 642.58, 642.3, 643.29, 642.22, 642.84, 642.62, 642.91, 642.69, 642.8, 642.22, 643.06, 642.29, 642.92, 643.12, 643.01, 642.49, 642.91],