{"unit": 22, "cycle": [1, 2, 3, 4, 5, 6, 7, 8, 9, 10, 11, 12, 13, 14, 15, 16, 17, 18, 19, 20, 21, 22, 23, 24, 25, 26, 27, 28, 29, 30, 31, 32, 33, 34, 35, 36, 37, 38, 39, 40, 41, 42, 43, 44, 45, 46, 47, 48, 49, 50, 51, 52, 53, 54, 55, 56, 57, 58, 59, 60, 61, 62, 63, 64, 65, 66, 67, 68, 69, 70, 71, 72, 73, 74, 75, 76, 77, 78, 79, 80, 81, 82, 83, 84, 85, 86, 87, 88, 89, 90, 91, 92, 93, 94, 95, 96, 97, 98, 99, 100, 101, 102, 103, 104, 105, 106, 107, 108, 109, 110, 111, 112, 113, 114, 115, 116, 117, 118, 119, 120, 121, 122, 123, 124, 125, 126, 127, 128, 129, 130, 131, 132, 133, 134, 135, 136, 137, 138, 139, 140, 141, 142, 143, 144, 145, 146, 147, 148, 149, 150, 151, 152, 153, 154, 155, 156, 157, 158, 159], "pred_rul": [129.00999450683594, 128.72000122070312, 127.02999877929688, 119.79000091552734, 121.33000183105469, 122.37000274658203, 118.27999877929688, 116.83000183105469, 121.7300033569336, 122.63999938964844, 118.0, 112.7300033569336, 111.08000183105469, 116.20999908447266, 117.97000122070312, 117.5, 117.81999969482422, 116.97000122070312, 117.98999786376953, 121.31999969482422, 122.94999694824219, 120.95999908447266, 120.2699966430664, 119.5199966430664, 121.72000122070312, 117.41999816894531, 119.7300033569336, 121.8499984741211, 120.12999725341797, 116.51000213623047, 121.01000213623047, 122.19000244140625, 126.73999786376953, 126.41000366210938, 124.5199966430664, 121.20999908447266, 118.75, 121.83999633789062, 121.76000213623047, 120.95999908447266, 112.08999633789062, 110.8499984741211, 116.52999877929688, 116.41000366210938, 120.0999984741211, 111.44999694824219, 104.3499984741211, 102.13999938964844, 110.27999877929688, 110.33999633789062, 105.2300033569336, 91.05000305175781, 93.48999786376953, 82.3499984741211, 91.41999816894531, 93.52999877929688, 87.75, 80.58000183105469, 84.16000366210938, 93.61000061035156, 90.62000274658203, 91.19000244140625, 95.73999786376953, 95.08999633789062, 96.97000122070312, 101.16000366210938, 113.37999725341797, 118.77999877929688, 112.87999725341797, 108.97000122070312, 104.91000366210938, 107.11000061035156, 109.70999908447266, 110.81999969482422, 109.76000213623047, 105.81999969482422, 111.80999755859375, 113.29000091552734, 109.70999908447266, 113.41999816894531, 113.19000244140625, 110.0, 104.22000122070312, 108.12999725341797, 113.37000274658203, 112.83000183105469, 107.11000061035156, 112.37000274658203, 111.8499984741211, 111.6500015258789, 108.19000244140625, 108.4000015258789, 102.1500015258789, 98.94000244140625, 102.98999786376953, 105.94999694824219, 109.47000122070312, 108.91999816894531, 101.73999786376953, 100.9800033569336, 98.36000061035156, 96.61000061035156, 95.73999786376953, 98.06999969482422, 98.83000183105469, 92.66000366210938, 95.66000366210938, 87.91000366210938, 84.94999694824219, 75.66999816894531, 66.83999633789062, 68.02999877929688, 58.220001220703125, 59.970001220703125, 57.66999816894531, 57.18000030517578, 56.95000076293945, 60.400001525878906, 57.130001068115234, 50.58000183105469, 49.540000915527344, 43.959999084472656, 45.70000076293945, 47.540000915527344, 42.52000045776367, 42.81999969482422, 44.7599983215332, 47.0099983215332, 46.75, 39.880001068115234, 40.06999969482422, 35.63999938964844, 35.83000183105469, 39.900001525878906, 35.72999954223633, 31.5, 31.09000015258789, 33.41999816894531, 32.540000915527344, 26.969999313354492, 30.670000076293945, 27.889999389648438, 26.549999237060547, 27.09000015258789, 25.209999084472656, 21.950000762939453, 22.079999923706055, 21.93000030517578, 17.719999313354492, 16.329999923706055, 15.979999542236328, 18.280000686645508, 18.84000015258789, 20.5, 18.579999923706055, 13.84000015258789, 17.020000457763672, 16.649999618530273, 18.520000457763672], "true_rul": [125.0, 125.0, 125.0, 125.0, 125.0, 125.0, 125.0, 125.0, 125.0, 125.0, 125.0, 125.0, 125.0, 125.0, 125.0, 125.0, 125.0, 125.0, 125.0, 125.0, 125.0, 125.0, 125.0, 125.0, 125.0, 125.0, 125.0, 125.0, 125.0, 125.0, 125.0, 125.0, 125.0, 125.0, 125.0, 125.0, 125.0, 125.0, 125.0, 125.0, 125.0, 125.0, 125.0, 125.0, 124.0, 123.0, 122.0, 121.0, 120.0, 119.0, 118.0, 117.0, 116.0, 115.0, 114.0, 113.0, 112.0, 111.0, 110.0, 109.0, 108.0, 107.0, 106.0, 105.0, 104.0, 103.0, 102.0, 101.0, 100.0, 99.0, 98.0, 97.0, 96.0, 95.0, 94.0, 93.0, 92.0, 91.0, 90.0, 89.0, 88.0, 87.0, 86.0, 85.0, 84.0, 83.0, 82.0, 81.0, 80.0, 79.0, 78.0, 77.0, 76.0, 75.0, 74.0, 73.0, 72.0, 71.0, 70.0, 69.0, 68.0, 67.0, 66.0, 65.0, 64.0, 63.0, 62.0, 61.0, 60.0, 59.0, 58.0, 57.0, 56.0, 55.0, 54.0, 53.0, 52.0, 51.0, 50.0, 49.0, 48.0, 47.0, 46.0, 45.0, 44.0, 43.0, 42.0, 41.0, 40.0, 39.0, 38.0, 37.0, 36.0, 35.0, 34.0, 33.0, 32.0, 31.0, 30.0, 29.0, 28.0, 27.0, 26.0, 25.0, 24.0, 23.0, 22.0, 21.0, 20.0, 19.0, 18.0, 17.0, 16.0, 15.0, 14.0, 13.0, 12.0, 11.0, 10.0], "true_end": 10.0, "sensors": {"s2": [607.62, 536.25, 642.24, 549.21, 555.45, 549.29, 549.81, 549.36, 642.53, 604.83, 549.82, 642.79, 606.99, 555.72, 536.76, 642.6, 642.85, 604.01, 604.84, 536.12, 607.15, 604.61, 549.7, 536.48, 555.38, 537.11, 555.87, 604.88, 607.05, 555.55, 604.29, 555.84, 549.65, 642.83, 536.94, 555.85, 607.3, 607.67, 555.8, 555.68, 607.75, 549.77, 642.99, 607.19, 549.49, 607.28, 549.74, 556.28, 604.55, 549.52, 549.65, 607.76, 604.94, 549.83, 606.72, 555.58, 556.12, 549.91, 555.77, 604.3, 604.85, 605.06, 607.45, 606.95, 549.54, 536.94, 607.45, 549.87, 549.35, 549.78, 605.14, 536.38, 536.61, 555.86, 642.62, 607.15, 607.46, 549.41, 604.29, 642.62, 536.57, 550.05, 604.4, 555.78, 549.86, 642.29, 555.73, 549.4, 536.89, 605.41, 605.02, 549.58, 643.62, 642.09, 604.82, 536.44, 605.04, 607.49, 537.01, 549.42, 549.28, 536.92, 536.78, 607.81, 549.58, 604.4, 555.93, 605.36, 643.0, 604.89, 549.97, 549.8, 607.86, 608.26, 607.99, 607.67, 605.29, 604.87, 604.9, 550.37, 555.92, 607.72, 604.75, 642.64, 550.07, 642.75, 555.68, 604.72, 549.77, 607.44, 550.08, 607.87, 550.27, 607.67, 556.08, 604.62, 555.76, 555.65, 643.22, 550.26, 555.99, 643.34, 550.22, 608.05, 550.0, 549.97, 556.65, 536.82, 549.95, 605.1, 550.41, 550.57, 556.36, 550.33, 537.77, 550.23, 537.35, 605.21, 550.27], "s3": [1470.38, 1262.26, 1586.17, 1350.26, 1361.21, 1350.27, 1357.73, 1349.25, 1593.83, 1504.39, 1353.94, 1588.13, 1486.22, 1365.8, 1256.99, 1585.67, 1580.54, 1496.66, 1498.58, 1263.39, 1491.14, 1501.32, 1352.32, 1262.41, 1367.6, 1262.65, 1365.55, 1496.45, 1486.45, 1362.51, 1497.33, 1361.5, 1355.8, 1580.0, 1260.01, 1364.47, 1490.75, 1482.14, 1367.43, 1361.94, 1486.72, 1349.31, 1582.86, 1483.8, 1355.93, 1478.72, 1355.66, 1356.72, 1502.6, 1342.02, 1354.58, 1487.76, 1497.46, 1355.24, 1488.34, 1365.84, 1363.31, 1348.87, 1368.5, 1498.1, 1504.84, 1501.04, 1480.06, 1487.07, 1350.16, 1253.15, 1486.35, 1351.69, 1354.54, 1350.86, 1498.56, 1261.17, 1265.43, 1363.84, 1587.07, 1482.85, 1485.4, 1354.66, 1504.27, 1587.81, 1266.52, 1349.25, 1509.66, 1363.99, 1349.94, 1588.23, 1362.94, 1358.37, 1258.34, 1501.36, 1502.89, 1359.08, 1593.36, 1593.02, 1498.44, 1257.7, 1494.12, 1483.12, 1265.04, 1343.17, 1356.74, 1266.05, 1266.63, 1491.05, 1355.87, 1499.77, 1368.21, 1502.8, 1589.55, 1502.1, 1364.09, 1345.03, 1495.76, 1483.32, 1489.92, 1482.66, 1507.42, 1506.8, 1506.91, 1362.04, 1377.47, 1485.65, 1507.38, 1599.63, 1365.87, 1592.27, 1369.37, 1500.64, 1358.23, 1490.15, 1359.4, 1486.25, 1358.46, 1495.33, 1370.96, 1515.97, 1362.45, 1373.43, 1595.14, 1361.6, 1373.08, 1592.57, 1358.26, 1496.0, 1357.11, 1355.61, 1374.09, 1264.25, 1365.32, 1507.55, 1365.11, 1356.95, 1364.29, 1363.43, 1267.69, 1362.87, 1272.71, 1508.8, 1363.64],