{"unit": 33, "cycle": [1, 2, 3, 4, 5, 6, 7, 8, 9, 10, 11, 12, 13, 14, 15, 16, 17, 18, 19, 20, 21, 22, 23, 24, 25, 26, 27, 28, 29, 30, 31, 32, 33, 34, 35, 36, 37, 38, 39, 40, 41, 42, 43, 44, 45, 46, 47, 48, 49, 50], "pred_rul": [125.87000274658203, 125.05000305175781, 121.19000244140625, 111.30999755859375, 109.13999938964844, 101.12000274658203, 104.04000091552734, 106.5199966430664, 109.05999755859375, 116.61000061035156, 111.58999633789062, 116.47000122070312, 111.62999725341797, 105.95999908447266, 116.18000030517578, 115.93000030517578, 117.7300033569336, 116.5199966430664, 115.51000213623047, 117.7699966430664, 114.33999633789062, 117.7699966430664, 110.72000122070312, 114.7300033569336, 118.13999938964844, 117.47000122070312, 116.69999694824219, 117.87999725341797, 115.87999725341797, 112.94999694824219, 107.58999633789062, 107.81999969482422, 109.4000015258789, 108.9000015258789, 115.0999984741211, 116.43000030517578, 118.13999938964844, 115.51000213623047, 113.9800033569336, 115.83000183105469, 113.80000305175781, 112.25, 113.45999908447266, 112.33000183105469, 112.62999725341797, 116.02999877929688, 122.37999725341797, 117.30000305175781, 115.30000305175781, 117.05999755859375], "true_rul": [125.0, 125.0, 125.0, 125.0, 125.0, 125.0, 125.0, 125.0, 125.0, 125.0, 125.0, 125.0, 125.0, 125.0, 125.0, 125.0, 125.0, 125.0, 125.0, 125.0, 125.0, 125.0, 125.0, 125.0, 125.0, 125.0, 125.0, 125.0, 125.0, 125.0, 125.0, 124.0, 123.0, 122.0, 121.0, 120.0, 119.0, 118.0, 117.0, 116.0, 115.0, 114.0, 113.0, 112.0, 111.0, 110.0, 109.0, 108.0, 107.0, 106.0], "true_end": 106.0, "sensors": {"s2": [642.53, 643.2, 642.65, 642.52, 642.83, 642.71, 642.45, 642.65, 642.4, 642.88, 642.61, 642.25, 643.15, 642.73, 642.24, 642.72, 642.22, 642.86, 642.92, 642.35, 643.08, 642.27, 643.18, 642.08, 642.84, 642.71, 643.08, 642.61, 642.89, 642.88, 643.03, 642.68, 642.76, 642.98, 641.99, 642.98, 642.68, 643.22, 642.75, 642.65, 642.37, 643.36, 642.44, 642.25, 643.21, 642.87, 642.34, 642.94, 642.49, 642.42], "s3": [1588.31, 1595.76, 1595.12, 1590.77, 1590.97, 1588.98, 1590.13, 1589.99, 1589.47, 1581.72, 1591.26, 1593.93, 1584.19, 1599.19, 1584.62, 1583.98, 1586.89, 1588.62, 1592.1, 1593.57, 1589.77, 1587.27, 1597.47, 1592.99, 1594.52, 1586.53, 1582.19, 1594.8, 1590.97, 1589.59, 1593.97, 1585.89, 1588.61, 1585.51, 1588.87, 1590.58, 1591.97, 1584.79, 1587.07, 1592.86, 1603.38, 1582.43, 1598.15, 1601.28, 1587.06, 1591.0, 1586.77, 1595.04, 1588.3, 1579.36], "s4": [1413.64, 1399.79, 1409.8, 1412.93, 1409.11, 1413.46, 1402.86, 1411.23, 1406.09, 1412.01, 1407.39, 1412.03, 1404.72, 1408.53, 1419.89, 1408.3, 1413.53, 1410.55, 1410.89, 1404.17, 1413.23, 1409.71, 1407.61, 1407.47, 1399.72, 1409.36, 1416.22, 1409.28, 1403.04, 1411.47, 1409.16, 1410.53, 1415.82, 1414.99, 1405.43, 1405.11, 1414.65, 1417.73, 1419.1, 1408.49, 1404.85, 1408.21, 1415.41, 1405.59, 1407.8, 1406.01, 1411.89, 1407.84, 1405.91, 1416.53], "s11": [47.71, 47.62, 47.38, 47.52, 47.46, 47.54, 47.53, 47.66, 47.53, 47.66, 47.59, 47.39, 47.51, 47.39, 47.5, 47.58, 47.49, 47.85, 47.59, 47.65, 47.4, 47.68, 47.57, 47.71, 47.53, 47.62, 47.55, 47.62, 47.49, 47.58, 47.64, 47.59, 47.57, 47.55, 47.56, 47.59, 47.78, 47.58, 47.68, 47.61, 47.46, 47.75, 47.71, 47.68, 47.54, 47.71, 47.54, 47.58, 47.54, 47.61]}}