{"unit": 57, "cycle": [1, 2, 3, 4, 5, 6, 7, 8, 9, 10, 11, 12, 13, 14, 15, 16, 17, 18, 19, 20, 21, 22, 23, 24, 25, 26, 27, 28, 29, 30, 31, 32, 33, 34, 35, 36, 37, 38, 39, 40, 41, 42, 43, 44, 45, 46, 47, 48, 49, 50, 51, 52, 53, 54, 55, 56, 57, 58, 59, 60, 61, 62, 63, 64, 65, 66, 67, 68, 69, 70, 71, 72, 73, 74, 75, 76, 77, 78, 79, 80, 81, 82, 83, 84, 85, 86, 87, 88, 89, 90, 91, 92, 93, 94, 95, 96, 97, 98, 99, 100, 101, 102, 103, 104, 105, 106, 107, 108, 109, 110, 111, 112, 113, 114, 115, 116, 117, 118, 119, 120, 121, 122, 123, 124, 125, 126, 127, 128, 129, 130, 131, 132, 133, 134, 135, 136, 137, 138, 139, 140, 141, 142, 143, 144, 145, 146, 147, 148, 149, 150, 151, 152, 153, 154, 155, 156, 157, 158, 159, 160], "pred_rul": [135.0800018310547, 133.50999450683594, 134.66000366210938, 133.1300048828125, 132.4499969482422, 124.58999633789062, 127.81999969482422, 121.08000183105469, 118.7300033569336, 119.87000274658203, 117.86000061035156, 119.20999908447266, 118.72000122070312, 118.72000122070312, 118.91999816894531, 119.4800033569336, 121.30000305175781, 118.02999877929688, 118.94000244140625, 117.54000091552734, 118.5199966430664, 119.69999694824219, 120.04000091552734, 120.61000061035156, 116.19000244140625, 118.69999694824219, 119.66999816894531, 119.69000244140625, 122.20999908447266, 119.87999725341797, 117.04000091552734, 114.5, 114.5199966430664, 112.55999755859375, 113.56999969482422, 114.81999969482422, 114.12999725341797, 118.23999786376953, 115.83999633789062, 114.93000030517578, 115.33999633789062, 116.0999984741211, 111.45999908447266, 116.19999694824219, 114.37999725341797, 107.55999755859375, 111.45999908447266, 99.45999908447266, 95.37999725341797, 98.88999938964844, 98.33999633789062, 100.86000061035156, 104.6500015258789, 108.7699966430664, 108.44000244140625, 106.70999908447266, 97.22000122070312, 96.79000091552734, 103.41999816894531, 112.08999633789062, 111.41999816894531, 108.58000183105469, 110.93000030517578, 115.52999877929688, 115.37999725341797, 114.5199966430664, 111.22000122070312, 111.0, 114.16000366210938, 119.55999755859375, 120.12000274658203, 121.08000183105469, 123.18000030517578, 122.58000183105469, 120.13999938964844, 121.94000244140625, 123.33000183105469, 123.86000061035156, 126.7699966430664, 126.44999694824219, 125.31999969482422, 122.33999633789062, 116.52999877929688, 116.20999908447266, 120.75, 121.30000305175781, 117.7699966430664, 119.80999755859375, 121.2300033569336, 114.88999938964844, 120.55000305175781, 115.70999908447266, 117.12999725341797, 118.91000366210938, 116.45999908447266, 120.55999755859375, 111.2699966430664, 104.66999816894531, 99.55999755859375, 100.04000091552734, 100.91000366210938, 102.16999816894531, 100.7300033569336, 101.16000366210938, 97.87999725341797, 94.69999694824219, 89.55000305175781, 89.11000061035156, 94.56999969482422, 94.4000015258789, 103.88999938964844, 109.3499984741211, 104.51000213623047, 103.5999984741211, 100.48999786376953, 94.77999877929688, 90.62999725341797, 101.20999908447266, 98.3499984741211, 103.7300033569336, 106.91999816894531, 111.51000213623047, 109.7699966430664, 106.73999786376953, 108.20999908447266, 99.5199966430664, 102.44999694824219, 112.79000091552734, 109.12000274658203, 113.66000366210938, 106.62999725341797, 106.41000366210938, 105.05000305175781, 103.51000213623047, 107.47000122070312, 107.0, 100.37999725341797, 111.04000091552734, 112.43000030517578, 107.45999908447266, 94.41999816894531, 93.93000030517578, 90.68000030517578, 94.12999725341797, 93.08999633789062, 95.44999694824219, 95.5199966430664, 96.4000015258789, 96.66000366210938, 93.97000122070312, 95.23999786376953, 98.70999908447266, 106.20999908447266, 106.62999725341797, 102.8499984741211, 101.41999816894531, 97.19000244140625, 94.5, 97.5999984741211, 91.47000122070312], "true_rul": [125.0, 125.0, 125.0, 125.0, 125.0, 125.0, 125.0, 125.0, 125.0, 125.0, 125.0, 125.0, 125.0, 125.0, 125.0, 125.0, 125.0, 125.0, 125.0, 125.0, 125.0, 125.0, 125.0, 125.0, 125.0, 125.0, 125.0, 125.0, 125.0, 125.0, 125.0, 125.0, 125.0, 125.0, 125.0, 125.0, 125.0, 125.0, 125.0, 125.0, 125.0, 125.0, 125.0, 125.0, 125.0, 125.0, 125.0, 125.0, 125.0, 125.0, 125.0, 125.0, 125.0, 125.0, 125.0, 125.0, 125.0, 125.0, 125.0, 125.0, 125.0, 125.0, 125.0, 125.0, 125.0, 125.0, 125.0, 125.0, 125.0, 125.0, 125.0, 125.0, 125.0, 125.0, 125.0, 125.0, 125.0, 125.0, 125.0, 125.0, 125.0, 125.0, 125.0, 125.0, 125.0, 125.0, 125.0, 125.0, 125.0, 125.0, 125.0, 125.0, 125.0, 125.0, 125.0, 125.0, 125.0, 125.0, 125.0, 125.0, 125.0, 125.0, 125.0, 125.0, 125.0, 125.0, 125.0, 125.0, 125.0, 125.0, 125.0, 125.0, 125.0, 125.0, 125.0, 125.0, 125.0, 125.0, 125.0, 125.0, 125.0, 125.0, 125.0, 125.0, 125.0, 125.0, 125.0, 125.0, 125.0, 125.0, 125.0, 125.0, 125.0, 125.0, 125.0, 125.0, 125.0, 125.0, 124.0, 123.0, 122.0, 121.0, 120.0, 119.0, 118.0, 117.0, 116.0, 115.0, 114.0, 113.0, 112.0, 111.0, 110.0, 109.0, 108.0, 107.0, 106.0, 105.0, 104.0, 103.0], "true_end": 103.0, "sensors": {"s2": [642.75, 642.64, 642.21, 642.35, 642.12, 642.04, 642.37, 642.93, 642.46, 642.4, 642.45, 642.6, 642.6, 642.55, 642.67, 642.54, 642.77, 642.57, 642.26, 642.0, 642.2, 642.53, 642.16, 642.37, 641.73, 642.31, 642.56, 642.72, 642.25, 642.41, 643.17, 642.85, 642.83, 642.57, 642.72, 642.49, 642.56, 642.75, 642.67, 642.89, 642.11, 642.8, 642.73, 642.89, 642.51, 642.87, 642.25, 643.35, 642.82, 643.28, 642.68, 642.79, 642.66, 642.15, 642.56, 642.01, 642.72, 642.99, 642.36, 642.9, 642.22, 642.47, 643.0, 642.59, 643.05, 642.57, 642.47, 642.34, 642.43, 642.02, 642.08, 642.43, 642.65, 643.06, 642.6, 642.61, 642.5, 642.58, 642.9, 642.32, 642.18, 642.47, 642.31, 642.41, 642.62, 642.0, 643.11, 642.72, 642.34, 643.02, 642.63, 642.24, 642.34, 642.16, 642.79, 643.08, 642.97, 642.66, 642.73, 642.51, 642.63, 643.04, 642.51, 642.16, 642.72, 643.22, 642.69, 642.77, 643.0, 643.08, 642.51, 642.21, 642.94, 642.39, 642.28, 642.13, 642.95, 642.31, 642.53, 642.74, 643.08, 642.94, 643.7, 642.57, 642.76, 642.74, 642.71, 643.15, 642.53, 642.55, 642.72, 643.34, 643.02, 642.92, 642.71, 642.63, 642.6, 642.17, 642.68, 642.42, 641.99, 642.61, 642.48, 642.85, 642.89, 642.72, 642.61, 642.68, 642.65, 642.49, 642.58, 642.67, 642.68, 642.83, 642.83, 642.36, 643.13, 642.89, 642.69, 642.17], "s3": [1580.43, 1586.22, 1579.2, 1587.64, 1581.67, 1587.31, 1586.6, 1596.11, 1584.86, 1589.0, 1595.18, 1586.07, 1587.43, 1592.5, 1589.55, 1586.92, 1580.98, 1584.4, 1585.65, 1585.01, 1583.1, 1583.86, 1589.19, 1588.09, 1584.18, 1593.99, 1581.3, 1588.81, 1587.93, 1590.57, 1585.84, 1579.15, 1588.38, 1594.68, 1586.62, 1589.91, 1591.98, 1592.33, 1593.46, 1586.33, 1588.94, 1582.9, 1597.46, 1588.13, 1588.38, 1592.66, 1593.6, 1583.0, 1589.79, 1596.0, 1587.45, 1591.97, 1585.39, 1590.15, 1595.18, 1588.56, 1590.09, 1592.32, 1588.38, 1592.76, 1588.63, 1593.17, 1588.46, 1586.34, 1597.49, 1594.39, 1590.04, 1587.11, 1591.98, 1583.79, 1588.46, 1585.62, 1588.62, 1587.43, 1590.75, 1587.25, 1590.51, 1577.77, 1587.44, 1581.29, 1590.19, 1590.95, 1592.86, 1595.51, 1589.41, 1589.39, 1586.11, 1584.26, 1585.57, 1586.37, 1588.08, 1596.83, 1585.94, 1593.99, 1581.72, 1588.59, 1588.47, 1589.23, 1588.63, 1586.89, 1584.56, 1588.7, 1589.88, 1587.84, 1586.8, 1588.45, 1593.46, 1594.47, 1585.16, 1591.01, 1583.84, 1592.32, 1590.85, 1585.74, 1589.55, 1585.38, 1590.33, 1588.15, 1592.28, 1585.33, 1587.03, 1589.67, 1583.64, 1588.61, 1587.68, 1594.78, 1584.9, 1589.1, 1588.59, 1592.86, 1591.16, 1589.47, 1594.96, 1585.95, 1589.16, 1588.98, 1602.58, 1586.29, 1584.59, 1595.55, 1603.58, 1593.17, 1592.72, 1594.24, 1591.34, 1586.7, 1588.77, 1589.37, 1592.82, 1591.63, 1590.65, 1598.02, 1591.22, 1592.83, 1589.88, 1589.5, 1589.47, 1589.96, 1585.46, 1590.38],