{"unit": 81, "cycle": [1, 2, 3, 4, 5, 6, 7, 8, 9, 10, 11, 12, 13, 14, 15, 16, 17, 18, 19, 20, 21, 22, 23, 24, 25, 26, 27, 28, 29, 30, 31, 32, 33, 34, 35, 36, 37, 38, 39, 40, 41, 42, 43, 44, 45, 46, 47, 48, 49, 50, 51, 52, 53, 54, 55, 56, 57, 58, 59, 60, 61, 62, 63, 64, 65, 66, 67, 68, 69, 70, 71, 72, 73, 74, 75, 76, 77, 78, 79, 80, 81, 82, 83, 84, 85, 86, 87, 88, 89, 90, 91, 92, 93, 94, 95, 96, 97, 98, 99, 100, 101, 102, 103, 104, 105, 106, 107, 108, 109, 110, 111, 112, 113, 114, 115, 116, 117, 118, 119, 120, 121, 122, 123, 124, 125, 126, 127, 128, 129, 130, 131, 132, 133, 134, 135, 136, 137, 138, 139, 140, 141, 142, 143, 144, 145, 146, 147, 148, 149, 150, 151, 152, 153, 154, 155], "pred_rul": [130.5, 130.44000244140625, 129.57000732421875, 129.50999450683594, 129.8300018310547, 127.30000305175781, 126.0, 120.66000366210938, 120.7699966430664, 120.91000366210938, 118.25, 112.19999694824219, 108.72000122070312, 115.11000061035156, 113.19999694824219, 114.36000061035156, 111.72000122070312, 107.69999694824219, 112.87000274658203, 115.6500015258789, 113.51000213623047, 116.08000183105469, 116.06999969482422, 120.36000061035156, 120.97000122070312, 123.31999969482422, 122.44000244140625, 123.30000305175781, 124.58999633789062, 125.3499984741211, 127.02999877929688, 125.75, 125.87999725341797, 126.93000030517578, 129.3000030517578, 129.08999633789062, 128.0500030517578, 126.93000030517578, 126.81999969482422, 126.97000122070312, 125.87000274658203, 122.68000030517578, 123.41000366210938, 127.16999816894531, 127.26000213623047, 127.33000183105469, 128.58999633789062, 128.8000030517578, 129.1999969482422, 129.33999633789062, 129.75999450683594, 130.0399932861328, 129.05999755859375, 127.22000122070312, 127.12000274658203, 127.62000274658203, 129.6199951171875, 129.6999969482422, 129.33999633789062, 128.99000549316406, 128.83999633789062, 126.73999786376953, 125.80999755859375, 127.93000030517578, 127.61000061035156, 124.48999786376953, 124.91999816894531, 124.20999908447266, 123.91000366210938, 125.06999969482422, 123.66999816894531, 125.05000305175781, 126.16999816894531, 125.48999786376953, 126.70999908447266, 122.16999816894531, 122.66999816894531, 122.05000305175781, 121.75, 122.8499984741211, 122.48999786376953, 122.44999694824219, 122.37000274658203, 114.1500015258789, 112.27999877929688, 111.97000122070312, 110.11000061035156, 114.98999786376953, 111.2699966430664, 108.66999816894531, 102.08000183105469, 104.88999938964844, 103.18000030517578, 100.58000183105469, 103.63999938964844, 102.16000366210938, 104.44999694824219, 104.48999786376953, 98.11000061035156, 98.7699966430664, 102.5999984741211, 99.44000244140625, 96.69999694824219, 97.37000274658203, 98.41999816894531, 97.91999816894531, 97.5, 95.66999816894531, 94.80999755859375, 97.48999786376953, 92.08000183105469, 91.16000366210938, 92.2300033569336, 86.37000274658203, 83.94999694824219, 85.16000366210938, 85.79000091552734, 89.25, 79.12000274658203, 76.25, 75.23999786376953, 64.11000061035156, 67.08999633789062, 67.86000061035156, 57.20000076293945, 63.040000915527344, 61.209999084472656, 56.5, 55.84000015258789, 52.18000030517578, 42.16999816894531, 44.18000030517578, 47.040000915527344, 42.59000015258789, 36.849998474121094, 33.59000015258789, 31.469999313354492, 36.650001525878906, 31.40999984741211, 29.0, 31.350000381469727, 27.950000762939453, 29.809999465942383, 27.760000228881836, 26.649999618530273, 30.34000015258789, 29.3700008392334, 27.600000381469727, 24.81999969482422, 23.350000381469727, 20.170000076293945, 20.540000915527344, 19.559999465942383, 15.789999961853027, 15.109999656677246], "true_rul": [125.0, 125.0, 125.0, 125.0, 125.0, 125.0, 125.0, 125.0, 125.0, 125.0, 125.0, 125.0, 125.0, 125.0, 125.0, 125.0, 125.0, 125.0, 125.0, 125.0, 125.0, 125.0, 125.0, 125.0, 125.0, 125.0, 125.0, 125.0, 125.0, 125.0, 125.0, 125.0, 125.0, 125.0, 125.0, 125.0, 125.0, 125.0, 125.0, 125.0, 125.0, 125.0, 125.0, 125.0, 125.0, 124.0, 123.0, 122.0, 121.0, 120.0, 119.0, 118.0, 117.0, 116.0, 115.0, 114.0, 113.0, 112.0, 111.0, 110.0, 109.0, 108.0, 107.0, 106.0, 105.0, 104.0, 103.0, 102.0, 101.0, 100.0, 99.0, 98.0, 97.0, 96.0, 95.0, 94.0, 93.0, 92.0, 91.0, 90.0, 89.0, 88.0, 87.0, 86.0, 85.0, 84.0, 83.0, 82.0, 81.0, 80.0, 79.0, 78.0, 77.0, 76.0, 75.0, 74.0, 73.0, 72.0, 71.0, 70.0, 69.0, 68.0, 67.0, 66.0, 65.0, 64.0, 63.0, 62.0, 61.0, 60.0, 59.0, 58.0, 57.0, 56.0, 55.0, 54.0, 53.0, 52.0, 51.0, 50.0, 49.0, 48.0, 47.0, 46.0, 45.0, 44.0, 43.0, 42.0, 41.0, 40.0, 39.0, 38.0, 37.0, 36.0, 35.0, 34.0, 33.0, 32.0, 31.0, 30.0, 29.0, 28.0, 27.0, 26.0, 25.0, 24.0, 23.0, 22.0, 21.0, 20.0, 19.0, 18.0, 17.0, 16.0, 15.0], "true_end": 15.0, "sensors": {"s2": [641.93, 641.77, 642.13, 641.85, 642.18, 642.12, 642.22, 641.71, 641.86, 641.69, 641.93, 641.84, 641.91, 642.44, 641.68, 642.51, 642.18, 642.02, 641.63, 642.34, 642.07, 641.57, 642.3, 641.96, 642.22, 641.31, 642.52, 642.33, 641.9, 641.86, 642.61, 642.18, 641.33, 642.09, 641.48, 641.68, 642.06, 641.66, 641.96, 642.02, 641.99, 642.04, 642.39, 642.09, 642.2, 642.45, 642.23, 642.1, 641.54, 642.19, 641.5, 641.9, 642.37, 642.36, 642.43, 641.6, 642.55, 641.58, 642.52, 641.99, 642.06, 642.04, 641.95, 641.74, 642.22, 642.05, 641.91, 641.74, 641.88, 641.88, 642.36, 641.79, 642.03, 641.89, 641.9, 642.02, 641.59, 642.56, 641.88, 641.87, 641.78, 642.16, 641.86, 642.51, 641.97, 641.66, 642.27, 642.09, 642.09, 641.94, 642.1, 641.62, 642.16, 642.2, 642.36, 642.03, 642.26, 642.17, 642.66, 642.4, 641.89, 641.47, 641.98, 641.86, 642.32, 642.09, 642.55, 642.34, 642.42, 642.25, 642.16, 641.59, 641.64, 642.2, 642.57, 642.34, 642.59, 642.46, 643.05, 641.9, 642.3, 642.53, 642.38, 642.41, 642.39, 642.12, 642.23, 642.25, 642.56, 641.75, 642.72, 642.44, 642.43, 642.75, 642.33, 643.17, 642.49, 642.17, 642.97, 642.43, 642.59, 642.85, 642.49, 642.26, 642.26, 642.5, 642.14, 642.99, 642.93, 642.34, 642.39, 642.76, 642.68, 643.12, 642.77], "s3": [1575.45, 1577.95, 1583.84, 1576.21, 1581.24, 1587.47, 1580.04, 1583.2, 1576.65, 1582.31, 1582.56, 1580.42, 1579.87, 1580.02, 1574.64, 1588.52, 1583.56, 1585.14, 1580.13, 1586.1, 1583.95, 1580.17, 1576.71, 1584.39, 1583.82, 1575.99, 1581.36, 1582.59, 1580.64, 1577.27, 1584.25, 1579.27, 1580.01, 1585.33, 1577.1, 1580.92, 1579.71, 1579.74, 1575.3, 1585.46, 1585.37, 1588.03, 1580.31, 1587.48, 1578.17, 1580.05, 1584.35, 1584.03, 1582.43, 1584.87, 1571.36, 1593.06, 1583.32, 1579.61, 1584.2, 1585.63, 1581.22, 1584.22, 1583.45, 1583.68, 1582.82, 1590.09, 1578.64, 1588.5, 1577.25, 1574.7, 1584.29, 1579.72, 1591.17, 1578.61, 1577.47, 1587.11, 1582.27, 1582.98, 1583.1, 1578.56, 1583.66, 1585.89, 1578.37, 1586.25, 1583.17, 1585.18, 1575.1, 1585.93, 1579.47, 1574.98, 1582.76, 1585.2, 1581.57, 1582.45, 1579.46, 1583.55, 1579.66, 1578.98, 1582.6, 1594.1, 1586.13, 1585.6, 1587.36, 1577.23, 1584.48, 1591.42, 1585.15, 1583.83, 1583.9, 1582.92, 1579.72, 1588.32, 1585.62, 1577.52, 1581.19, 1582.99, 1580.61, 1589.3, 1581.87, 1586.58, 1583.27, 1580.14, 1590.56, 1590.64, 1587.49, 1588.83, 1587.89, 1586.69, 1588.31, 1588.08, 1577.92, 1585.85, 1591.82, 1595.84, 1581.64, 1582.88, 1589.34, 1588.96, 1593.82, 1583.47, 1588.92, 1591.36, 1586.71, 1596.02, 1588.04, 1590.38, 1594.82, 1597.89, 1587.7, 1588.63, 1593.34, 1592.73, 1587.94, 1595.1, 1595.63, 1583.18, 1595.61, 1591.6, 1587.96],