{"unit": 41, "cycle": [1, 2, 3, 4, 5, 6, 7, 8, 9, 10, 11, 12, 13, 14, 15, 16, 17, 18, 19, 20, 21, 22, 23, 24, 25, 26, 27, 28, 29, 30, 31, 32, 33, 34, 35, 36, 37, 38, 39, 40, 41, 42, 43, 44, 45, 46, 47, 48, 49, 50, 51, 52, 53, 54, 55, 56, 57, 58, 59, 60, 61, 62, 63, 64, 65, 66, 67, 68, 69, 70, 71, 72, 73, 74, 75, 76, 77, 78, 79, 80, 81, 82, 83, 84, 85, 86, 87, 88, 89, 90, 91, 92, 93, 94, 95, 96, 97, 98, 99, 100, 101, 102, 103, 104, 105, 106, 107, 108, 109, 110, 111, 112, 113, 114, 115, 116, 117, 118, 119, 120, 121, 122, 123], "pred_rul": [133.83999633789062, 136.0500030517578, 132.82000732421875, 123.5999984741211, 116.12000274658203, 109.75, 104.55999755859375, 108.55000305175781, 113.69999694824219, 106.33999633789062, 97.58999633789062, 103.3499984741211, 93.4000015258789, 105.38999938964844, 96.05999755859375, 96.02999877929688, 92.94999694824219, 94.23999786376953, 95.48999786376953, 99.38999938964844, 94.62999725341797, 101.30999755859375, 100.31999969482422, 98.68000030517578, 98.12000274658203, 95.16999816894531, 96.66999816894531, 98.06999969482422, 102.01000213623047, 102.73999786376953, 103.9800033569336, 99.45999908447266, 93.38999938964844, 95.37999725341797, 94.62000274658203, 96.98999786376953, 98.41000366210938, 102.81999969482422, 104.27999877929688, 103.5, 110.20999908447266, 105.30999755859375, 106.55000305175781, 103.77999877929688, 105.94999694824219, 106.79000091552734, 119.4800033569336, 120.02999877929688, 124.79000091552734, 122.04000091552734, 126.36000061035156, 128.42999267578125, 116.93000030517578, 116.30999755859375, 116.8499984741211, 127.41999816894531, 125.68000030517578, 126.2699966430664, 121.05000305175781, 114.19000244140625, 109.20999908447266, 106.37000274658203, 103.80999755859375, 105.88999938964844, 111.08000183105469, 110.6500015258789, 98.69000244140625, 99.43000030517578, 103.11000061035156, 107.19999694824219, 105.63999938964844, 104.80999755859375, 102.44999694824219, 99.62999725341797, 102.79000091552734, 99.76000213623047, 97.69000244140625, 89.93000030517578, 89.9800033569336, 90.7300033569336, 92.62000274658203, 86.11000061035156, 86.63999938964844, 85.2699966430664, 81.08999633789062, 75.13999938964844, 71.70999908447266, 66.54000091552734, 66.70999908447266, 63.47999954223633, 59.33000183105469, 60.56999969482422, 63.2599983215332, 64.05000305175781, 62.56999969482422, 56.41999816894531, 58.86000061035156, 52.34000015258789, 56.540000915527344, 54.380001068115234, 50.290000915527344, 48.4900016784668, 45.09000015258789, 44.540000915527344, 38.81999969482422, 35.68000030517578, 36.099998474121094, 30.219999313354492, 33.40999984741211, 28.950000762939453, 28.719999313354492, 25.299999237060547, 20.420000076293945, 18.010000228881836, 16.90999984741211, 15.850000381469727, 18.469999313354492, 17.59000015258789, 17.360000610351562, 15.739999771118164, 14.020000457763672, 11.819999694824219, 14.210000038146973], "true_rul": [125.0, 125.0, 125.0, 125.0, 125.0, 125.0, 125.0, 125.0, 125.0, 125.0, 125.0, 125.0, 125.0, 125.0, 125.0, 125.0, 124.0, 123.0, 122.0, 121.0, 120.0, 119.0, 118.0, 117.0, 116.0, 115.0, 114.0, 113.0, 112.0, 111.0, 110.0, 109.0, 108.0, 107.0, 106.0, 105.0, 104.0, 103.0, 102.0, 101.0, 100.0, 99.0, 98.0, 97.0, 96.0, 95.0, 94.0, 93.0, 92.0, 91.0, 90.0, 89.0, 88.0, 87.0, 86.0, 85.0, 84.0, 83.0, 82.0, 81.0, 80.0, 79.0, 78.0, 77.0, 76.0, 75.0, 74.0, 73.0, 72.0, 71.0, 70.0, 69.0, 68.0, 67.0, 66.0, 65.0, 64.0, 63.0, 62.0, 61.0, 60.0, 59.0, 58.0, 57.0, 56.0, 55.0, 54.0, 53.0, 52.0, 51.0, 50.0, 49.0, 48.0, 47.0, 46.0, 45.0, 44.0, 43.0, 42.0, 41.0, 40.0, 39.0, 38.0, 37.0, 36.0, 35.0, 34.0, 33.0, 32.0, 31.0, 30.0, 29.0, 28.0, 27.0, 26.0, 25.0, 24.0, 23.0, 22.0, 21.0, 20.0, 19.0, 18.0], "true_end": 18.0, "sensors": {"s2": [641.79, 642.9, 642.22, 642.65, 641.76, 642.25, 642.19, 641.41, 642.12, 642.46, 642.42, 642.01, 642.02, 642.08, 642.65, 641.97, 642.44, 642.53, 641.83, 642.15, 642.49, 642.05, 642.24, 642.25, 642.53, 642.27, 642.52, 642.38, 641.87, 642.33, 642.21, 642.75, 642.11, 641.78, 642.11, 641.94, 642.13, 642.19, 642.59, 641.98, 641.7, 643.05, 642.36, 642.4, 642.17, 641.7, 641.45, 642.81, 642.18, 642.06, 642.41, 642.37, 642.94, 642.32, 642.43, 642.19, 642.23, 642.05, 642.19, 642.57, 642.52, 642.0, 642.22, 642.08, 642.35, 641.96, 642.33, 642.28, 642.6, 642.28, 642.2, 642.35, 642.71, 642.42, 642.44, 642.36, 642.35, 642.48, 641.66, 642.78, 642.63, 642.64, 642.34, 641.78, 642.14, 641.93, 642.02, 642.73, 642.5, 642.33, 642.0, 642.63, 641.69, 643.17, 643.04, 642.4, 642.48, 642.5, 642.74, 642.73, 642.16, 642.88, 642.54, 642.86, 642.95, 642.86, 643.02, 642.75, 642.39, 643.08, 642.82, 642.95, 642.49, 642.57, 642.68, 642.27, 642.56, 643.14, 642.8, 642.85, 643.05, 643.08, 642.54], "s3": [1586.07, 1581.93, 1583.29, 1583.05, 1578.71, 1587.62, 1591.78, 1589.23, 1586.53, 1581.57, 1583.54, 1587.83, 1586.26, 1586.87, 1579.75, 1584.22, 1592.71, 1587.79, 1582.06, 1583.11, 1581.27, 1580.04, 1586.71, 1584.26, 1583.04, 1579.25, 1588.44, 1587.0, 1585.81, 1579.85, 1576.68, 1592.39, 1586.38, 1587.1, 1587.99, 1580.28, 1587.81, 1588.91, 1581.21, 1583.27, 1580.5, 1583.59, 1586.8, 1578.38, 1589.22, 1582.11, 1589.93, 1589.46, 1578.21, 1587.56, 1586.04, 1581.34, 1582.45, 1589.2, 1587.69, 1589.35, 1588.45, 1579.39, 1578.23, 1589.58, 1588.56, 1589.09, 1583.15, 1577.39, 1582.45, 1581.58, 1592.5, 1586.97, 1592.64, 1586.07, 1573.28, 1583.32, 1585.78, 1596.79, 1583.85, 1591.36, 1580.19, 1583.66, 1591.23, 1576.79, 1592.43, 1587.64, 1578.23, 1587.78, 1583.74, 1587.37, 1584.7, 1587.36, 1587.57, 1578.53, 1589.91, 1578.16, 1586.0, 1593.84, 1582.17, 1595.87, 1586.64, 1588.61, 1590.88, 1581.55, 1596.46, 1591.61, 1589.06, 1588.46, 1596.57, 1588.64, 1591.64, 1585.56, 1583.59, 1597.53, 1590.46, 1596.02, 1587.8, 1597.93, 1596.46, 1594.31, 1590.59, 1587.79, 1595.74, 1590.91, 1595.73, 1590.89, 1594.24], "s4": [1396.42, 1401.28, 1393.66, 1399.06, 1401.79, 1396.54, 1400.19, 1398.99, 1396.99, 1399.1, 1395.83, 1396.16, 1402.7, 1398.84, 1404.85, 1393.64, 1398.27, 1396.94, 1399.24, 1403.78, 1398.82, 1392.37, 1396.17, 1402.41, 1395.23, 1399.88, 1397.96, 1398.49, 1395.84, 1395.98, 1397.03, 1391.19, 1396.25, 1402.55, 1396.29, 1392.16, 1399.96, 1394.21, 1398.86, 1402.89, 1394.04, 1395.29, 1394.69, 1400.81, 1401.34, 1398.07, 1402.65, 1393.3, 1403.92, 1395.64, 1395.59, 1402.05, 1397.12, 1399.52, 1400.26, 1401.04, 1397.48, 1399.87, 1401.01, 1404.34, 1403.99, 1398.73, 1401.51, 1401.59, 1401.12, 1398.09, 1407.96, 1404.06, 1400.1, 1403.13, 1399.37, 1404.51, 1400.0, 1404.62, 1398.7, 1400.02, 1396.42, 1403.93, 1395.86, 1407.82, 1397.97, 1397.08, 1403.09, 1409.74, 1402.37, 1406.91, 1412.59, 1401.69, 1402.19, 1409.4, 1412.26, 1400.95, 1404.04, 1407.62, 1397.07, 1402.64, 1401.77, 1405.11, 1402.06, 1412.43, 1404.98, 1405.73, 1399.93, 1412.08, 1406.2, 1410.88, 1410.91, 1410.03, 1404.96, 1411.64, 1406.1, 1413.74, 1413.4, 1408.81, 1417.7, 1412.27, 1421.07, 1410.9, 1418.96, 1411.16, 1411.45, 1416.28, 1416.76], "s11": [47.04, 47.19, 47.18, 47.1, 47.17, 47.02, 47.33, 47.09, 47.18, 47.05, 47.23, 47.18, 47.35, 47.29, 47.27, 47.2, 47.32, 47.18, 47.34, 47.24, 47.36, 47.09, 47.04, 47.35, 47.44, 47.41, 47.13, 47.2, 47.16, 47.37, 47.09, 47.21, 47.22, 47.08, 47.27, 47.32, 47.18, 47.29, 47.25, 47.31, 47.16, 47.25, 47.35, 47.35, 47.35, 47.36, 47.22, 47.27, 47.2, 47.35, 47.29, 47.34, 47.41, 47.3, 47.25, 47.12, 47.24, 47.17, 47.4, 47.09, 47.38, 47.45, 47.29, 47.08, 47.34, 47.22, 47.38, 47.23, 47.27, 47.17, 47.32, 47.34, 47.36, 47.26, 47.38, 47.45, 47.35, 47.55, 47.32, 47.29, 47.5, 47.41, 47.45, 47.41, 47.72, 47.36, 47.47, 47.47, 47.41, 47.47, 47.39, 47.36, 47.29, 47.45, 47.27, 47.37, 47.48, 47.66, 47.36, 47.5, 47.46, 47.61, 47.31, 47.58, 47.49, 47.54, 47.56, 47.46, 47.65, 47.6, 47.67, 47.66, 47.79, 47.62, 47.6, 47.71, 47.71, 47.6, 47.92, 47.73, 47.75, 47.82, 47.64]}}