{"unit": 25, "cycle": [1, 2, 3, 4, 5, 6, 7, 8, 9, 10, 11, 12, 13, 14, 15, 16, 17, 18, 19, 20, 21, 22, 23, 24, 25, 26, 27, 28, 29, 30, 31, 32, 33, 34, 35, 36, 37, 38, 39, 40, 41, 42, 43, 44, 45, 46, 47, 48], "pred_rul": [135.19000244140625, 135.72000122070312, 134.24000549316406, 125.55999755859375, 120.93000030517578, 116.1500015258789, 117.52999877929688, 115.4800033569336, 116.9000015258789, 113.22000122070312, 113.61000061035156, 110.58000183105469, 111.52999877929688, 109.97000122070312, 110.95999908447266, 105.08000183105469, 102.8499984741211, 105.33999633789062, 106.05999755859375, 108.18000030517578, 104.62000274658203, 102.91999816894531, 102.76000213623047, 110.2300033569336, 111.68000030517578, 110.20999908447266, 110.69000244140625, 116.54000091552734, 115.66999816894531, 120.55000305175781, 120.05999755859375, 116.3499984741211, 121.12000274658203, 115.95999908447266, 122.86000061035156, 123.6500015258789, 121.80999755859375, 122.26000213623047, 117.13999938964844, 116.62999725341797, 113.22000122070312, 102.93000030517578, 112.13999938964844, 105.02999877929688, 110.37999725341797, 118.01000213623047, 117.63999938964844, 121.55000305175781], "true_rul": [125.0, 125.0, 125.0, 125.0, 125.0, 125.0, 125.0, 125.0, 125.0, 125.0, 125.0, 125.0, 125.0, 125.0, 125.0, 125.0, 125.0, 125.0, 125.0, 125.0, 125.0, 125.0, 125.0, 125.0, 125.0, 125.0, 125.0, 125.0, 125.0, 125.0, 125.0, 125.0, 125.0, 125.0, 125.0, 125.0, 125.0, 125.0, 125.0, 125.0, 125.0, 125.0, 125.0, 125.0, 125.0, 125.0, 125.0, 125.0], "true_end": 125.0, "sensors": {"s2": [642.28, 641.84, 642.07, 641.81, 641.95, 642.37, 642.35, 642.95, 642.23, 641.91, 641.88, 642.62, 642.37, 642.51, 642.38, 642.62, 642.81, 641.99, 642.63, 642.23, 642.51, 642.31, 642.16, 642.09, 642.78, 642.36, 641.8, 642.31, 642.16, 642.35, 642.39, 642.29, 641.71, 642.12, 642.45, 642.98, 642.39, 642.61, 642.65, 642.71, 643.12, 642.69, 641.78, 642.74, 642.64, 642.31, 642.57, 642.92], "s3": [1589.09, 1584.65, 1585.7, 1589.85, 1580.75, 1585.64, 1587.88, 1587.05, 1586.37, 1587.12, 1592.3, 1586.95, 1592.49, 1588.0, 1593.04, 1586.27, 1582.87, 1586.76, 1581.37, 1581.28, 1585.74, 1579.21, 1589.58, 1580.1, 1586.95, 1586.25, 1587.46, 1585.86, 1586.24, 1587.75, 1593.73, 1588.24, 1587.58, 1594.21, 1587.6, 1582.09, 1591.81, 1587.94, 1585.14, 1582.41, 1583.39, 1590.04, 1582.64, 1583.07, 1589.94, 1592.85, 1587.52, 1584.08], "s4": [1396.65, 1398.3, 1408.75, 1414.05, 1401.5, 1397.2, 1402.46, 1405.34, 1408.06, 1405.05, 1405.2, 1409.3, 1396.43, 1403.14, 1398.54, 1403.24, 1397.23, 1408.19, 1404.06, 1399.15, 1402.77, 1396.44, 1402.25, 1399.91, 1397.39, 1406.86, 1397.23, 1393.76, 1400.45, 1398.65, 1398.24, 1405.49, 1398.3, 1402.15, 1402.15, 1400.55, 1392.53, 1401.92, 1407.41, 1400.78, 1404.18, 1403.64, 1402.68, 1411.35, 1401.2, 1403.68, 1399.33, 1403.1], "s11": [47.54, 47.4, 47.31, 47.29, 47.48, 47.29, 47.32, 47.29, 47.34, 47.47, 47.49, 47.38, 47.41, 47.31, 47.25, 47.07, 47.23, 47.42, 47.4, 47.17, 47.36, 47.44, 47.24, 47.36, 47.36, 47.27, 47.41, 47.44, 47.16, 47.36, 47.43, 47.45, 47.36, 47.17, 47.32, 47.43, 47.26, 47.36, 47.37, 47.36, 47.25, 47.4, 47.36, 47.25, 47.29, 47.39, 47.26, 47.38]}}