{"unit": 190, "cycle": [1, 2, 3, 4, 5, 6, 7, 8, 9, 10, 11, 12, 13, 14, 15, 16, 17, 18, 19, 20, 21, 22, 23, 24, 25, 26, 27, 28, 29, 30, 31, 32, 33, 34, 35, 36, 37, 38, 39, 40, 41, 42, 43, 44, 45, 46, 47, 48, 49, 50, 51, 52, 53, 54, 55, 56, 57, 58, 59, 60, 61, 62, 63, 64, 65, 66, 67, 68, 69, 70, 71, 72, 73, 74, 75, 76, 77, 78, 79, 80, 81, 82, 83, 84, 85, 86, 87, 88, 89, 90, 91, 92, 93, 94, 95, 96, 97, 98, 99, 100, 101, 102, 103, 104, 105, 106, 107, 108, 109, 110, 111, 112, 113, 114, 115, 116, 117, 118, 119, 120, 121, 122, 123, 124, 125, 126, 127, 128, 129, 130, 131, 132, 133, 134, 135, 136, 137, 138, 139, 140, 141, 142, 143, 144, 145, 146, 147, 148, 149, 150, 151, 152, 153, 154, 155, 156, 157, 158], "pred_rul": [127.02999877929688, 130.3800048828125, 133.1999969482422, 131.39999389648438, 124.5199966430664, 120.44000244140625, 118.43000030517578, 114.37000274658203, 108.94999694824219, 106.48999786376953, 98.12000274658203, 95.22000122070312, 88.48999786376953, 92.0999984741211, 92.77999877929688, 93.83999633789062, 95.22000122070312, 95.05999755859375, 97.3499984741211, 98.70999908447266, 100.61000061035156, 100.66000366210938, 97.79000091552734, 95.27999877929688, 97.29000091552734, 95.9800033569336, 96.77999877929688, 95.95999908447266, 98.47000122070312, 98.48999786376953, 98.36000061035156, 102.48999786376953, 100.9800033569336, 98.80000305175781, 96.2300033569336, 96.7300033569336, 106.44000244140625, 104.22000122070312, 108.0999984741211, 109.33999633789062, 108.44999694824219, 116.12000274658203, 114.5999984741211, 110.91999816894531, 110.81999969482422, 112.8499984741211, 117.55999755859375, 115.93000030517578, 117.19000244140625, 113.5199966430664, 110.20999908447266, 116.69000244140625, 113.26000213623047, 118.88999938964844, 119.61000061035156, 119.48999786376953, 116.48999786376953, 120.81999969482422, 115.12000274658203, 115.97000122070312, 113.52999877929688, 114.6500015258789, 114.41999816894531, 110.5199966430664, 108.26000213623047, 108.91999816894531, 102.62999725341797, 103.47000122070312, 108.51000213623047, 105.70999908447266, 96.45999908447266, 100.41999816894531, 99.88999938964844, 103.1500015258789, 106.33000183105469, 96.31999969482422, 95.66999816894531, 96.02999877929688, 100.93000030517578, 92.08000183105469, 84.2699966430664, 92.12999725341797, 88.91000366210938, 92.5999984741211, 88.08000183105469, 73.31999969482422, 79.54000091552734, 74.19000244140625, 73.3499984741211, 77.52999877929688, 66.70999908447266, 83.2699966430664, 77.08000183105469, 80.6500015258789, 80.94000244140625, 76.47000122070312, 74.36000061035156, 79.83999633789062, 82.36000061035156, 81.0999984741211, 72.87000274658203, 70.83999633789062, 73.22000122070312, 74.45999908447266, 72.36000061035156, 67.9800033569336, 75.05000305175781, 79.30000305175781, 90.81999969482422, 79.62000274658203, 75.87000274658203, 74.1500015258789, 76.26000213623047, 68.83999633789062, 72.31999969482422, 71.61000061035156, 77.05999755859375, 75.41999816894531, 73.0199966430664, 75.95999908447266, 73.66000366210938, 73.77999877929688, 72.69000244140625, 62.939998626708984, 62.75, 57.34000015258789, 57.06999969482422, 55.209999084472656, 53.810001373291016, 43.38999938964844, 48.54999923706055, 44.29999923706055, 45.08000183105469, 45.720001220703125, 47.25, 53.619998931884766, 49.380001068115234, 42.849998474121094, 36.79999923706055, 33.380001068115234, 35.86000061035156, 34.650001525878906, 32.130001068115234, 33.38999938964844, 32.790000915527344, 29.860000610351562, 30.049999237060547, 26.56999969482422, 24.610000610351562, 22.110000610351562, 18.899999618530273, 16.450000762939453, 10.539999961853027, 10.640000343322754, 8.880000114440918, 6.71999979019165, 8.869999885559082, 5.710000038146973], "true_rul": [125.0, 125.0, 125.0, 125.0, 125.0, 125.0, 125.0, 125.0, 125.0, 125.0, 125.0, 125.0, 125.0, 125.0, 125.0, 125.0, 125.0, 125.0, 125.0, 125.0, 125.0, 125.0, 125.0, 125.0, 125.0, 125.0, 125.0, 125.0, 125.0, 125.0, 125.0, 125.0, 125.0, 125.0, 125.0, 125.0, 125.0, 125.0, 125.0, 125.0, 125.0, 125.0, 125.0, 125.0, 125.0, 124.0, 123.0, 122.0, 121.0, 120.0, 119.0, 118.0, 117.0, 116.0, 115.0, 114.0, 113.0, 112.0, 111.0, 110.0, 109.0, 108.0, 107.0, 106.0, 105.0, 104.0, 103.0, 102.0, 101.0, 100.0, 99.0, 98.0, 97.0, 96.0, 95.0, 94.0, 93.0, 92.0, 91.0, 90.0, 89.0, 88.0, 87.0, 86.0, 85.0, 84.0, 83.0, 82.0, 81.0, 80.0, 79.0, 78.0, 77.0, 76.0, 75.0, 74.0, 73.0, 72.0, 71.0, 70.0, 69.0, 68.0, 67.0, 66.0, 65.0, 64.0, 63.0, 62.0, 61.0, 60.0, 59.0, 58.0, 57.0, 56.0, 55.0, 54.0, 53.0, 52.0, 51.0, 50.0, 49.0, 48.0, 47.0, 46.0, 45.0, 44.0, 43.0, 42.0, 41.0, 40.0, 39.0, 38.0, 37.0, 36.0, 35.0, 34.0, 33.0, 32.0, 31.0, 30.0, 29.0, 28.0, 27.0, 26.0, 25.0, 24.0, 23.0, 22.0, 21.0, 20.0, 19.0, 18.0, 17.0, 16.0, 15.0, 14.0, 13.0, 12.0], "true_end": 12.0, "sensors": {"s2": [549.41, 549.16, 536.73, 537.16, 556.32, 604.54, 642.2, 550.37, 536.74, 549.63, 607.57, 642.35, 643.39, 549.77, 642.74, 549.64, 607.88, 555.82, 607.25, 555.76, 549.4, 642.48, 556.02, 642.18, 607.35, 642.42, 608.21, 607.39, 549.82, 642.67, 549.91, 549.8, 549.96, 607.6, 605.26, 536.83, 550.02, 536.86, 604.94, 555.56, 643.09, 536.72, 555.7, 537.52, 642.45, 642.33, 537.46, 549.4, 556.17, 643.18, 605.23, 607.41, 604.73, 604.87, 549.7, 556.03, 604.84, 549.39, 537.24, 555.67, 549.49, 605.64, 556.23, 550.01, 549.48, 536.72, 607.86, 643.02, 536.9, 555.75, 537.62, 556.04, 607.74, 555.98, 536.91, 549.42, 642.39, 607.68, 605.23, 549.43, 643.01, 643.16, 549.44, 549.83, 536.72, 537.32, 549.54, 607.64, 556.49, 536.88, 556.41, 604.74, 549.9, 643.25, 536.67, 550.13, 607.24, 537.16, 549.85, 607.84, 607.33, 555.85, 537.41, 555.92, 550.08, 536.23, 643.15, 605.34, 537.29, 608.01, 536.99, 549.79, 642.43, 556.28, 536.98, 555.67, 607.96, 608.24, 537.42, 604.86, 604.87, 605.64, 549.91, 608.04, 550.25, 643.39, 556.18, 608.0, 549.93, 642.96, 550.09, 607.61, 556.2, 536.58, 605.19, 642.71, 549.82, 608.44, 607.79, 550.2, 549.81, 550.49, 536.97, 556.01, 550.22, 643.43, 608.07, 556.09, 605.49, 556.12, 537.25, 556.95, 556.87, 536.95, 556.28, 537.09, 537.34, 550.12], "s3": [1350.66, 1352.64, 1259.41, 1263.97, 1365.95, 1503.31, 1582.95, 1352.27, 1275.27, 1353.0, 1490.76, 1590.53, 1586.91, 1349.36, 1586.56, 1352.23, 1486.37, 1360.72, 1484.45, 1370.84, 1354.75, 1586.82, 1367.11, 1591.87, 1486.28, 1586.58, 1484.24, 1485.07, 1351.05, 1586.34, 1353.7, 1349.11, 1348.88, 1483.9, 1504.85, 1269.16, 1352.11, 1255.58, 1493.25, 1365.46, 1590.84, 1256.43, 1370.69, 1257.55, 1584.63, 1585.4, 1263.17, 1347.95, 1364.28, 1595.41, 1501.04, 1480.9, 1502.99, 1496.17, 1352.56, 1366.42, 1506.65, 1357.59, 1260.46, 1364.18, 1358.07, 1497.75, 1367.6, 1357.4, 1360.03, 1258.12, 1484.47, 1590.42, 1262.65, 1369.96, 1267.82, 1373.04, 1482.57, 1371.15, 1263.42, 1359.29, 1590.26, 1490.1, 1504.59, 1355.73, 1593.41, 1585.84, 1353.31, 1355.33, 1260.83, 1270.29, 1357.93, 1487.79, 1364.56, 1260.17, 1362.92, 1503.72, 1356.19, 1598.29, 1262.48, 1349.36, 1487.74, 1255.32, 1368.78, 1491.48, 1494.27, 1370.0, 1257.66, 1371.32, 1350.86, 1261.93, 1599.64, 1492.69, 1268.02, 1486.92, 1262.24, 1355.79, 1600.0, 1367.48, 1257.58, 1370.01, 1485.11, 1488.97, 1265.21, 1508.5, 1501.81, 1508.42, 1359.06, 1490.37, 1352.29, 1592.72, 1369.64, 1494.41, 1358.01, 1596.43, 1354.26, 1488.17, 1365.28, 1259.57, 1501.16, 1592.51, 1357.19, 1498.64, 1499.83, 1360.17, 1355.78, 1355.25, 1272.96, 1367.41, 1362.36, 1595.85, 1488.97, 1375.85, 1504.34, 1366.26, 1265.38, 1376.37, 1370.14, 1273.25, 1369.7, 1279.75, 1267.81, 1357.43],