{"unit": 211, "cycle": [1, 2, 3, 4, 5, 6, 7, 8, 9, 10, 11, 12, 13, 14, 15, 16, 17, 18, 19, 20, 21, 22, 23, 24, 25, 26, 27, 28, 29, 30, 31, 32, 33, 34, 35, 36, 37, 38, 39, 40, 41, 42, 43, 44, 45, 46, 47, 48, 49, 50, 51, 52, 53, 54, 55, 56, 57, 58, 59, 60, 61, 62, 63, 64, 65, 66, 67, 68, 69, 70, 71, 72, 73, 74, 75, 76, 77, 78, 79, 80, 81, 82, 83, 84, 85, 86, 87, 88, 89, 90, 91, 92, 93, 94, 95, 96, 97, 98, 99, 100, 101, 102, 103, 104, 105, 106, 107, 108, 109, 110, 111, 112, 113, 114, 115, 116, 117, 118, 119, 120, 121, 122, 123, 124, 125, 126, 127, 128, 129, 130, 131, 132, 133, 134, 135, 136, 137, 138, 139, 140, 141, 142, 143, 144, 145, 146, 147, 148, 149, 150, 151, 152, 153, 154, 155], "pred_rul": [132.57000732421875, 134.0500030517578, 135.6199951171875, 131.63999938964844, 123.88999938964844, 119.04000091552734, 116.44999694824219, 112.95999908447266, 110.98999786376953, 107.18000030517578, 105.44000244140625, 100.6500015258789, 101.16999816894531, 101.62999725341797, 99.01000213623047, 99.05000305175781, 98.77999877929688, 101.52999877929688, 98.72000122070312, 98.44999694824219, 98.61000061035156, 98.5999984741211, 97.52999877929688, 94.22000122070312, 94.97000122070312, 93.02999877929688, 97.87000274658203, 101.47000122070312, 99.97000122070312, 100.27999877929688, 100.69999694824219, 103.54000091552734, 101.41000366210938, 94.69999694824219, 90.9000015258789, 87.30999755859375, 78.19999694824219, 76.02999877929688, 76.80999755859375, 75.5199966430664, 81.79000091552734, 92.25, 91.72000122070312, 98.70999908447266, 93.58999633789062, 91.16000366210938, 99.72000122070312, 106.52999877929688, 108.68000030517578, 109.23999786376953, 103.87999725341797, 109.5999984741211, 112.43000030517578, 106.97000122070312, 107.86000061035156, 107.1500015258789, 111.52999877929688, 115.76000213623047, 118.72000122070312, 120.0, 115.70999908447266, 119.68000030517578, 126.76000213623047, 117.76000213623047, 113.61000061035156, 117.98999786376953, 119.80000305175781, 123.16000366210938, 117.80999755859375, 120.1500015258789, 119.47000122070312, 116.9800033569336, 121.0199966430664, 120.33999633789062, 125.11000061035156, 121.19000244140625, 125.8499984741211, 123.01000213623047, 114.05999755859375, 121.02999877929688, 114.30999755859375, 119.23999786376953, 116.45999908447266, 113.6500015258789, 116.48999786376953, 103.87999725341797, 106.9800033569336, 99.54000091552734, 92.2300033569336, 95.3499984741211, 91.6500015258789, 101.9800033569336, 97.87999725341797, 101.04000091552734, 101.41000366210938, 103.37000274658203, 102.62000274658203, 95.05000305175781, 91.36000061035156, 88.0999984741211, 88.48999786376953, 93.98999786376953, 89.54000091552734, 72.13999938964844, 61.16999816894531, 61.619998931884766, 60.65999984741211, 49.40999984741211, 55.90999984741211, 53.40999984741211, 52.65999984741211, 55.619998931884766, 59.029998779296875, 55.58000183105469, 50.2599983215332, 51.36000061035156, 49.58000183105469, 51.470001220703125, 53.060001373291016, 53.36000061035156, 50.2400016784668, 41.2599983215332, 40.779998779296875, 44.33000183105469, 42.029998779296875, 43.380001068115234, 36.439998626708984, 35.27000045776367, 29.139999389648438, 31.989999771118164, 27.260000228881836, 18.540000915527344, 24.760000228881836, 20.690000534057617, 20.540000915527344, 19.059999465942383, 21.25, 17.969999313354492, 15.5, 14.399999618530273, 12.680000305175781, 14.84000015258789, 12.800000190734863, 9.25, 11.930000305175781, 10.920000076293945, 7.900000095367432, 8.319999694824219, 8.710000038146973, 8.819999694824219, 9.260000228881836, 5.869999885559082, 2.1500000953674316, 1.75, 2.109999895095825], "true_rul": [125.0, 125.0, 125.0, 125.0, 125.0, 125.0, 125.0, 125.0, 125.0, 125.0, 125.0, 125.0, 125.0, 125.0, 125.0, 125.0, 125.0, 125.0, 125.0, 125.0, 125.0, 125.0, 125.0, 125.0, 125.0, 125.0, 125.0, 125.0, 125.0, 125.0, 125.0, 125.0, 125.0, 125.0, 125.0, 125.0, 124.0, 123.0, 122.0, 121.0, 120.0, 119.0, 118.0, 117.0, 116.0, 115.0, 114.0, 113.0, 112.0, 111.0, 110.0, 109.0, 108.0, 107.0, 106.0, 105.0, 104.0, 103.0, 102.0, 101.0, 100.0, 99.0, 98.0, 97.0, 96.0, 95.0, 94.0, 93.0, 92.0, 91.0, 90.0, 89.0, 88.0, 87.0, 86.0, 85.0, 84.0, 83.0, 82.0, 81.0, 80.0, 79.0, 78.0, 77.0, 76.0, 75.0, 74.0, 73.0, 72.0, 71.0, 70.0, 69.0, 68.0, 67.0, 66.0, 65.0, 64.0, 63.0, 62.0, 61.0, 60.0, 59.0, 58.0, 57.0, 56.0, 55.0, 54.0, 53.0, 52.0, 51.0, 50.0, 49.0, 48.0, 47.0, 46.0, 45.0, 44.0, 43.0, 42.0, 41.0, 40.0, 39.0, 38.0, 37.0, 36.0, 35.0, 34.0, 33.0, 32.0, 31.0, 30.0, 29.0, 28.0, 27.0, 26.0, 25.0, 24.0, 23.0, 22.0, 21.0, 20.0, 19.0, 18.0, 17.0, 16.0, 15.0, 14.0, 13.0, 12.0, 11.0, 10.0, 9.0, 8.0, 7.0, 6.0], "true_end": 6.0, "sensors": {"s2": [642.27, 536.27, 536.7, 555.71, 549.73, 549.85, 549.46, 642.99, 555.51, 607.56, 555.4, 537.05, 604.7, 536.68, 642.6, 555.15, 549.57, 607.75, 537.12, 642.74, 555.81, 555.48, 555.46, 642.72, 555.92, 549.08, 604.63, 607.34, 642.78, 642.44, 536.3, 607.53, 607.13, 642.68, 642.67, 604.48, 555.27, 536.6, 607.21, 642.13, 555.56, 536.42, 537.02, 536.9, 642.31, 536.97, 642.91, 607.38, 554.92, 604.52, 549.38, 536.58, 607.37, 550.02, 550.2, 642.36, 537.3, 607.45, 607.55, 641.93, 536.52, 607.63, 549.09, 555.14, 604.8, 537.05, 643.07, 549.76, 604.92, 549.47, 604.57, 549.68, 555.52, 607.25, 549.19, 607.64, 642.8, 555.89, 550.12, 536.7, 549.99, 549.31, 549.97, 549.76, 549.8, 642.39, 549.4, 549.91, 536.92, 549.97, 536.55, 642.87, 550.03, 606.86, 642.68, 604.93, 605.46, 549.84, 604.65, 605.19, 642.16, 537.13, 549.37, 555.74, 556.14, 555.37, 555.57, 642.17, 607.74, 550.08, 549.61, 607.61, 555.77, 604.77, 607.75, 549.93, 556.03, 604.94, 555.61, 642.77, 643.15, 549.7, 643.06, 549.8, 604.81, 536.51, 643.47, 643.53, 643.27, 537.08, 556.18, 555.95, 556.19, 607.97, 550.77, 605.24, 642.98, 642.66, 556.55, 643.24, 605.66, 556.42, 550.75, 556.65, 556.41, 555.92, 605.48, 643.27, 556.19, 643.63, 556.45, 608.56, 643.58, 550.37, 550.01], "s3": [1588.87, 1261.67, 1250.97, 1364.77, 1349.91, 1353.78, 1344.04, 1584.09, 1354.46, 1484.6, 1369.24, 1260.18, 1502.0, 1264.66, 1580.51, 1366.84, 1355.27, 1475.52, 1258.66, 1583.14, 1361.32, 1365.02, 1365.08, 1589.57, 1364.45, 1354.25, 1495.67, 1478.2, 1589.14, 1589.88, 1261.56, 1486.03, 1490.04, 1589.11, 1586.87, 1497.65, 1373.01, 1255.7, 1477.07, 1589.7, 1367.35, 1263.6, 1262.9, 1266.14, 1586.99, 1263.19, 1585.62, 1488.77, 1368.74, 1501.39, 1358.39, 1264.06, 1478.1, 1354.39, 1360.13, 1588.46, 1258.07, 1479.01, 1485.27, 1588.54, 1257.33, 1481.43, 1352.91, 1364.13, 1494.57, 1264.89, 1586.14, 1356.28, 1492.48, 1345.74, 1506.96, 1346.02, 1364.29, 1485.63, 1345.46, 1482.63, 1595.38, 1367.92, 1350.47, 1252.87, 1347.12, 1357.03, 1356.28, 1340.61, 1355.94, 1583.46, 1352.95, 1352.0, 1265.73, 1352.92, 1265.01, 1594.72, 1353.43, 1486.75, 1594.34, 1500.4, 1495.58, 1352.26, 1501.62, 1499.94, 1585.47, 1258.16, 1351.84, 1371.38, 1365.27, 1372.97, 1368.12, 1593.56, 1482.66, 1349.28, 1361.13, 1484.6, 1368.62, 1504.9, 1488.32, 1353.57, 1361.23, 1505.26, 1362.47, 1592.33, 1604.51, 1349.84, 1588.29, 1352.45, 1512.34, 1263.82, 1595.64, 1593.36, 1589.28, 1262.39, 1365.95, 1373.11, 1368.72, 1500.41, 1353.73, 1509.09, 1595.86, 1601.6, 1370.91, 1596.25, 1508.42, 1373.83, 1359.45, 1370.43, 1364.46, 1366.14, 1508.92, 1597.61, 1365.24, 1599.87, 1369.88, 1489.42, 1601.95, 1370.99, 1358.68],