{"unit": 148, "cycle": [1, 2, 3, 4, 5, 6, 7, 8, 9, 10, 11, 12, 13, 14, 15, 16, 17, 18, 19, 20, 21, 22, 23, 24, 25, 26, 27, 28, 29, 30, 31, 32, 33, 34, 35, 36, 37, 38, 39, 40, 41, 42, 43, 44, 45, 46, 47, 48, 49, 50, 51, 52, 53, 54, 55, 56, 57, 58, 59, 60, 61, 62, 63, 64, 65, 66, 67, 68, 69, 70, 71, 72, 73, 74, 75, 76, 77, 78, 79, 80, 81, 82, 83, 84, 85, 86, 87, 88, 89, 90, 91, 92, 93, 94, 95, 96, 97, 98, 99, 100, 101, 102, 103, 104, 105, 106, 107, 108, 109, 110, 111, 112, 113, 114, 115, 116, 117, 118, 119, 120, 121, 122, 123, 124, 125, 126, 127, 128, 129, 130, 131, 132, 133, 134, 135, 136, 137, 138, 139, 140, 141, 142, 143, 144, 145, 146, 147, 148, 149, 150, 151, 152, 153, 154, 155, 156, 157], "pred_rul": [131.02999877929688, 128.17999267578125, 128.5399932861328, 130.85000610351562, 137.94000244140625, 139.58999633789062, 137.88999938964844, 137.35000610351562, 135.36000061035156, 134.75999450683594, 133.61000061035156, 130.44000244140625, 132.55999755859375, 130.77000427246094, 131.8800048828125, 133.50999450683594, 131.25999450683594, 127.5, 128.85000610351562, 128.39999389648438, 130.32000732421875, 128.00999450683594, 128.74000549316406, 127.41999816894531, 126.02999877929688, 128.7100067138672, 128.49000549316406, 128.88999938964844, 128.50999450683594, 127.02999877929688, 128.77999877929688, 128.30999755859375, 129.57000732421875, 129.27000427246094, 126.83999633789062, 129.75, 127.31999969482422, 128.4499969482422, 126.16000366210938, 130.42999267578125, 133.7100067138672, 131.24000549316406, 132.82000732421875, 133.0500030517578, 134.2899932861328, 135.9499969482422, 131.02000427246094, 132.61000061035156, 131.61000061035156, 129.9600067138672, 129.83999633789062, 130.27999877929688, 128.97000122070312, 127.69000244140625, 125.27999877929688, 127.77999877929688, 125.98999786376953, 124.19000244140625, 129.52000427246094, 123.16000366210938, 114.68000030517578, 120.73999786376953, 113.3499984741211, 122.02999877929688, 121.41000366210938, 118.58999633789062, 111.66999816894531, 111.6500015258789, 118.2300033569336, 113.5999984741211, 114.55000305175781, 104.23999786376953, 102.8499984741211, 100.2300033569336, 106.3499984741211, 102.45999908447266, 98.37000274658203, 95.91000366210938, 92.41000366210938, 91.02999877929688, 93.20999908447266, 94.29000091552734, 97.04000091552734, 97.33000183105469, 90.73999786376953, 91.25, 85.45999908447266, 88.16999816894531, 82.29000091552734, 82.19000244140625, 83.30000305175781, 73.01000213623047, 75.37000274658203, 72.12999725341797, 73.91000366210938, 72.5199966430664, 74.81999969482422, 77.3499984741211, 77.86000061035156, 81.9000015258789, 79.4000015258789, 73.08000183105469, 74.4000015258789, 70.94999694824219, 78.11000061035156, 75.58999633789062, 69.80999755859375, 76.62000274658203, 74.2699966430664, 74.8499984741211, 75.83000183105469, 69.97000122070312, 68.4800033569336, 66.61000061035156, 68.18000030517578, 72.26000213623047, 57.47999954223633, 57.75, 54.279998779296875, 51.7400016784668, 50.369998931884766, 44.16999816894531, 41.529998779296875, 41.79999923706055, 53.38999938964844, 54.0, 51.31999969482422, 48.11000061035156, 47.95000076293945, 53.70000076293945, 51.529998779296875, 46.56999969482422, 43.86000061035156, 40.16999816894531, 39.97999954223633, 37.970001220703125, 37.459999084472656, 30.549999237060547, 29.06999969482422, 27.670000076293945, 28.719999313354492, 20.899999618530273, 21.31999969482422, 19.989999771118164, 20.110000610351562, 19.75, 16.18000030517578, 16.079999923706055, 15.25, 14.760000228881836, 12.890000343322754, 11.930000305175781, 11.8100004196167, 11.739999771118164, 10.979999542236328, 10.229999542236328, 7.46999979019165], "true_rul": [125.0, 125.0, 125.0, 125.0, 125.0, 125.0, 125.0, 125.0, 125.0, 125.0, 125.0, 125.0, 125.0, 125.0, 125.0, 125.0, 125.0, 125.0, 125.0, 125.0, 125.0, 125.0, 125.0, 125.0, 125.0, 125.0, 125.0, 125.0, 125.0, 125.0, 125.0, 125.0, 125.0, 125.0, 125.0, 125.0, 125.0, 125.0, 125.0, 125.0, 125.0, 125.0, 125.0, 124.0, 123.0, 122.0, 121.0, 120.0, 119.0, 118.0, 117.0, 116.0, 115.0, 114.0, 113.0, 112.0, 111.0, 110.0, 109.0, 108.0, 107.0, 106.0, 105.0, 104.0, 103.0, 102.0, 101.0, 100.0, 99.0, 98.0, 97.0, 96.0, 95.0, 94.0, 93.0, 92.0, 91.0, 90.0, 89.0, 88.0, 87.0, 86.0, 85.0, 84.0, 83.0, 82.0, 81.0, 80.0, 79.0, 78.0, 77.0, 76.0, 75.0, 74.0, 73.0, 72.0, 71.0, 70.0, 69.0, 68.0, 67.0, 66.0, 65.0, 64.0, 63.0, 62.0, 61.0, 60.0, 59.0, 58.0, 57.0, 56.0, 55.0, 54.0, 53.0, 52.0, 51.0, 50.0, 49.0, 48.0, 47.0, 46.0, 45.0, 44.0, 43.0, 42.0, 41.0, 40.0, 39.0, 38.0, 37.0, 36.0, 35.0, 34.0, 33.0, 32.0, 31.0, 30.0, 29.0, 28.0, 27.0, 26.0, 25.0, 24.0, 23.0, 22.0, 21.0, 20.0, 19.0, 18.0, 17.0, 16.0, 15.0, 14.0, 13.0, 12.0, 11.0], "true_end": 11.0, "sensors": {"s2": [549.38, 549.55, 549.24, 554.95, 549.1, 555.91, 607.39, 603.89, 549.21, 549.42, 549.33, 549.23, 536.84, 606.73, 555.49, 549.18, 556.0, 642.31, 549.26, 641.99, 549.41, 536.57, 555.54, 604.58, 555.76, 603.99, 536.4, 642.08, 548.7, 536.47, 604.48, 604.53, 555.21, 642.38, 607.45, 555.33, 606.94, 536.16, 555.04, 641.71, 549.6, 549.55, 607.26, 549.14, 555.3, 549.82, 537.08, 555.28, 549.55, 642.05, 642.53, 604.56, 642.32, 549.74, 642.36, 642.42, 549.94, 549.51, 604.07, 536.88, 641.96, 555.81, 548.82, 549.6, 604.05, 537.05, 549.31, 555.59, 555.29, 549.59, 642.04, 549.99, 549.64, 607.5, 555.66, 549.44, 604.57, 536.37, 536.44, 607.12, 642.0, 554.91, 604.34, 536.8, 555.28, 549.33, 603.95, 555.46, 641.96, 549.28, 549.81, 555.81, 607.64, 642.33, 607.04, 555.77, 607.31, 607.15, 641.84, 556.19, 555.87, 549.37, 536.7, 549.82, 604.64, 556.02, 642.62, 549.43, 555.55, 642.37, 555.78, 555.47, 549.75, 642.97, 604.96, 549.76, 607.98, 604.98, 549.73, 537.03, 643.13, 608.02, 605.53, 549.94, 549.96, 605.07, 642.74, 607.33, 605.21, 607.51, 556.36, 607.79, 607.37, 549.48, 605.2, 642.82, 556.18, 555.95, 607.68, 607.54, 605.01, 607.87, 643.19, 607.62, 604.78, 549.23, 537.49, 606.13, 537.13, 643.04, 643.21, 549.92, 556.2, 537.57, 608.33, 642.98, 550.55], "s3": [1351.39, 1349.39, 1347.57, 1363.37, 1347.9, 1364.98, 1484.84, 1498.56, 1343.55, 1350.91, 1346.34, 1350.13, 1259.67, 1480.63, 1366.42, 1354.6, 1356.62, 1588.27, 1348.86, 1583.97, 1350.64, 1261.69, 1359.41, 1497.66, 1360.93, 1500.3, 1260.42, 1585.84, 1346.17, 1254.92, 1490.61, 1503.7, 1356.78, 1582.85, 1482.35, 1368.22, 1483.43, 1258.65, 1361.79, 1587.87, 1351.63, 1350.57, 1479.61, 1350.46, 1362.15, 1341.59, 1260.93, 1360.91, 1351.87, 1588.34, 1580.84, 1494.42, 1588.91, 1345.71, 1585.2, 1581.42, 1339.56, 1352.09, 1500.53, 1256.81, 1586.71, 1363.45, 1354.1, 1350.62, 1500.09, 1262.62, 1361.34, 1360.59, 1367.87, 1345.94, 1587.59, 1357.61, 1344.7, 1482.71, 1359.82, 1358.36, 1504.24, 1266.66, 1264.71, 1489.75, 1588.82, 1367.86, 1499.71, 1268.66, 1359.97, 1351.91, 1505.34, 1360.96, 1583.13, 1355.25, 1354.56, 1363.06, 1484.55, 1591.07, 1476.83, 1364.69, 1485.28, 1480.33, 1588.43, 1363.54, 1375.25, 1353.91, 1271.81, 1357.9, 1503.7, 1363.6, 1588.69, 1349.34, 1372.23, 1590.38, 1358.87, 1362.33, 1353.97, 1591.02, 1505.46, 1358.29, 1491.97, 1500.46, 1358.88, 1267.07, 1593.52, 1483.97, 1510.5, 1354.69, 1352.93, 1498.23, 1593.25, 1494.32, 1507.79, 1486.46, 1368.39, 1488.0, 1499.97, 1360.69, 1505.6, 1595.55, 1372.93, 1370.3, 1495.3, 1489.87, 1510.15, 1490.35, 1596.8, 1489.2, 1504.24, 1360.43, 1264.52, 1507.18, 1264.94, 1598.63, 1596.11, 1359.02, 1366.08, 1267.91, 1488.54, 1600.76, 1360.39],