{"unit": 9, "cycle": [1, 2, 3, 4, 5, 6, 7, 8, 9, 10, 11, 12, 13, 14, 15, 16, 17, 18, 19, 20, 21, 22, 23, 24, 25, 26, 27, 28, 29, 30, 31, 32, 33, 34, 35, 36, 37, 38, 39, 40, 41, 42, 43, 44, 45, 46, 47, 48, 49, 50, 51, 52, 53, 54, 55, 56, 57, 58, 59, 60, 61, 62, 63, 64, 65, 66, 67, 68, 69, 70, 71, 72, 73, 74, 75, 76, 77, 78, 79, 80, 81, 82, 83, 84, 85, 86, 87, 88, 89, 90, 91, 92, 93, 94, 95, 96, 97, 98, 99, 100, 101, 102, 103, 104, 105, 106, 107, 108, 109, 110, 111, 112, 113, 114, 115, 116, 117, 118, 119, 120, 121, 122, 123, 124, 125, 126, 127, 128, 129, 130, 131, 132, 133, 134, 135, 136, 137, 138, 139, 140, 141, 142, 143, 144, 145, 146, 147, 148, 149, 150, 151, 152, 153, 154, 155, 156, 157, 158, 159, 160, 161, 162, 163, 164, 165, 166, 167, 168, 169, 170, 171, 172, 173, 174, 175, 176, 177, 178, 179, 180, 181, 182, 183, 184, 185, 186, 187, 188, 189, 190, 191, 192, 193, 194, 195, 196, 197, 198, 199, 200, 201, 202, 203, 204, 205, 206, 207, 208, 209, 210, 211, 212, 213, 214, 215, 216, 217, 218, 219, 220, 221, 222, 223, 224, 225, 226, 227, 228, 229, 230, 231, 232, 233, 234, 235, 236, 237, 238], "pred_rul": [130.83999633789062, 129.86000061035156, 127.37000274658203, 124.7300033569336, 119.52999877929688, 113.0, 106.9000015258789, 98.98999786376953, 88.75, 98.38999938964844, 97.69999694824219, 95.8499984741211, 97.33999633789062, 97.68000030517578, 96.79000091552734, 103.13999938964844, 99.7699966430664, 105.4800033569336, 104.5999984741211, 105.68000030517578, 113.16000366210938, 116.11000061035156, 116.91999816894531, 111.44000244140625, 109.30999755859375, 110.56999969482422, 111.4800033569336, 114.37999725341797, 110.08000183105469, 112.8499984741211, 111.16000366210938, 113.80000305175781, 118.61000061035156, 118.43000030517578, 121.04000091552734, 121.52999877929688, 122.37999725341797, 124.87999725341797, 125.58000183105469, 126.45999908447266, 125.44999694824219, 127.91000366210938, 127.5199966430664, 125.08999633789062, 125.25, 125.33000183105469, 127.63999938964844, 127.3499984741211, 128.19000244140625, 129.05999755859375, 125.2699966430664, 128.3699951171875, 126.7300033569336, 129.3000030517578, 130.5, 129.85000610351562, 129.5, 128.97999572753906, 129.4600067138672, 129.83999633789062, 129.33999633789062, 128.52000427246094, 128.2899932861328, 129.47000122070312, 130.4499969482422, 129.69000244140625, 129.72000122070312, 130.30999755859375, 129.74000549316406, 130.50999450683594, 129.80999755859375, 128.1699981689453, 126.45999908447266, 129.25999450683594, 127.91000366210938, 129.41000366210938, 129.72000122070312, 128.5, 129.27999877929688, 128.1300048828125, 128.5399932861328, 129.38999938964844, 127.45999908447266, 127.63999938964844, 127.12999725341797, 124.13999938964844, 126.7300033569336, 125.0199966430664, 125.83999633789062, 127.41999816894531, 125.0999984741211, 128.2100067138672, 127.7300033569336, 128.7899932861328, 129.05999755859375, 127.33999633789062, 127.88999938964844, 128.6300048828125, 128.8300018310547, 127.69999694824219, 128.4199981689453, 128.08999633789062, 128.64999389648438, 128.42999267578125, 127.98999786376953, 128.7100067138672, 127.44999694824219, 124.25, 126.80999755859375, 126.05000305175781, 121.98999786376953, 115.6500015258789, 118.44999694824219, 118.33000183105469, 125.44999694824219, 119.95999908447266, 122.41999816894531, 120.52999877929688, 118.87000274658203, 125.1500015258789, 122.87000274658203, 119.95999908447266, 125.41999816894531, 122.75, 126.05000305175781, 127.26000213623047, 126.72000122070312, 125.13999938964844, 115.58000183105469, 118.75, 123.0999984741211, 119.5, 121.98999786376953, 119.13999938964844, 118.22000122070312, 118.19000244140625, 114.61000061035156, 118.20999908447266, 118.0, 120.51000213623047, 121.05999755859375, 119.7300033569336, 111.58999633789062, 109.37999725341797, 116.26000213623047, 104.97000122070312, 100.0199966430664, 106.16999816894531, 118.16999816894531, 123.63999938964844, 124.83999633789062, 119.45999908447266, 115.23999786376953, 119.76000213623047, 121.47000122070312, 117.44999694824219, 116.20999908447266, 113.37999725341797, 117.33999633789062, 120.33999633789062, 112.93000030517578, 103.54000091552734, 93.06999969482422, 98.5, 108.47000122070312, 104.19999694824219, 107.12999725341797, 92.33000183105469, 96.4800033569336, 112.02999877929688, 104.25, 105.88999938964844, 89.73999786376953, 101.2300033569336, 108.2300033569336, 108.33000183105469, 112.16999816894531, 97.06999969482422, 108.38999938964844, 118.87999725341797, 115.25, 116.91999816894531, 108.30999755859375, 109.06999969482422, 115.5, 111.52999877929688, 110.62999725341797, 104.69000244140625, 112.41999816894531, 120.38999938964844, 119.1500015258789, 120.73999786376953, 107.3499984741211, 115.95999908447266, 121.04000091552734, 118.91999816894531, 112.98999786376953, 114.61000061035156, 114.56999969482422, 114.33999633789062, 112.01000213623047, 103.88999938964844, 93.72000122070312, 81.97000122070312, 77.83000183105469, 79.05999755859375, 63.09000015258789, 67.94999694824219, 67.83000183105469, 66.01000213623047, 64.0199966430664, 61.0099983215332, 59.810001373291016, 56.04999923706055, 51.810001373291016, 49.04999923706055, 47.959999084472656, 48.04999923706055, 58.79999923706055, 50.790000915527344, 49.439998626708984, 49.34000015258789, 51.310001373291016, 56.2599983215332, 57.06999969482422, 58.04999923706055, 57.599998474121094, 54.529998779296875, 52.95000076293945, 53.41999816894531, 59.47999954223633, 55.0099983215332, 51.900001525878906, 51.13999938964844, 49.33000183105469, 48.869998931884766, 51.95000076293945, 46.439998626708984], "true_rul": [125.0, 125.0, 125.0, 125.0, 125.0, 125.0, 125.0, 125.0, 125.0, 125.0, 125.0, 125.0, 125.0, 125.0, 125.0, 125.0, 125.0, 125.0, 125.0, 125.0, 125.0, 125.0, 125.0, 125.0, 125.0, 125.0, 125.0, 125.0, 125.0, 125.0, 125.0, 125.0, 125.0, 125.0, 125.0, 125.0, 125.0, 125.0, 125.0, 125.0, 125.0, 125.0, 125.0, 125.0, 125.0, 125.0, 125.0, 125.0, 125.0, 125.0, 125.0, 125.0, 125.0, 125.0, 125.0, 125.0, 125.0, 125.0, 125.0, 125.0, 125.0, 125.0, 125.0, 125.0, 125.0, 125.0, 125.0, 125.0, 125.0, 125.0, 125.0, 125.0, 125.0, 125.0, 125.0, 125.0, 125.0, 125.0, 125.0, 125.0, 125.0, 125.0, 125.0, 125.0, 125.0, 125.0, 125.0, 125.0, 125.0, 125.0, 125.0, 125.0, 125.0, 125.0, 125.0, 125.0, 125.0, 125.0, 125.0, 125.0, 125.0, 125.0, 125.0, 125.0, 125.0, 125.0, 125.0, 125.0, 125.0, 125.0, 125.0, 125.0, 125.0, 125.0, 125.0, 125.0, 125.0, 125.0, 125.0, 125.0, 125.0, 125.0, 125.0, 125.0, 125.0, 125.0, 125.0, 125.0, 125.0, 125.0, 125.0, 125.0, 125.0, 125.0, 125.0, 125.0, 125.0, 125.0, 125.0, 125.0, 125.0, 125.0, 125.0, 125.0, 125.0, 125.0, 125.0, 125.0, 125.0, 125.0, 125.0, 125.0, 125.0, 125.0, 125.0, 125.0, 125.0, 125.0, 125.0, 125.0, 125.0, 125.0, 125.0, 125.0, 125.0, 125.0, 125.0, 125.0, 124.0, 123.0, 122.0, 121.0, 120.0, 119.0, 118.0, 117.0, 116.0, 115.0, 114.0, 113.0, 112.0, 111.0, 110.0, 109.0, 108.0, 107.0, 106.0, 105.0, 104.0, 103.0, 102.0, 101.0, 100.0, 99.0, 98.0, 97.0, 96.0, 95.0, 94.0, 93.0, 92.0, 91.0, 90.0, 89.0, 88.0, 87.0, 86.0, 85.0, 84.0, 83.0, 82.0, 81.0, 80.0, 79.0, 78.0, 77.0, 76.0, 75.0, 74.0, 73.0, 72.0, 71.0, 70.0, 69.0, 68.0, 67.0, 66.0, 65.0, 64.0, 63.0, 62.0, 61.0, 60.0, 59.0, 58.0, 57.0, 56.0, 55.0], "true_end": 55.0,