{"unit": 43, "cycle": [1, 2, 3, 4, 5, 6, 7, 8, 9, 10, 11, 12, 13, 14, 15, 16, 17, 18, 19, 20, 21, 22, 23, 24, 25, 26, 27, 28, 29, 30, 31, 32, 33, 34, 35, 36, 37, 38, 39, 40, 41, 42, 43, 44, 45, 46, 47, 48, 49, 50, 51, 52, 53, 54, 55, 56, 57, 58, 59, 60, 61, 62, 63, 64, 65, 66, 67, 68, 69, 70, 71, 72, 73, 74, 75, 76, 77, 78, 79, 80, 81, 82, 83, 84, 85, 86, 87, 88, 89, 90, 91, 92, 93, 94, 95, 96, 97, 98, 99, 100, 101, 102, 103, 104, 105, 106, 107, 108, 109, 110, 111, 112, 113, 114, 115, 116, 117, 118, 119, 120, 121, 122, 123, 124, 125, 126, 127, 128, 129, 130, 131, 132, 133, 134, 135, 136, 137, 138, 139, 140, 141, 142, 143, 144, 145, 146, 147, 148, 149, 150, 151, 152, 153, 154, 155, 156, 157, 158, 159, 160, 161, 162, 163, 164, 165, 166, 167, 168, 169, 170, 171, 172, 173, 174, 175, 176, 177, 178, 179, 180, 181, 182, 183, 184], "pred_rul": [131.86000061035156, 135.99000549316406, 135.9600067138672, 132.3000030517578, 126.01000213623047, 119.16000366210938, 116.3499984741211, 111.55000305175781, 110.47000122070312, 109.16000366210938, 105.80999755859375, 112.95999908447266, 112.5199966430664, 114.16999816894531, 108.94000244140625, 102.54000091552734, 106.8499984741211, 114.4800033569336, 111.38999938964844, 108.2699966430664, 103.27999877929688, 97.44000244140625, 100.44999694824219, 100.20999908447266, 102.5199966430664, 102.66000366210938, 106.05000305175781, 106.5, 113.9000015258789, 109.47000122070312, 112.62999725341797, 113.79000091552734, 112.87000274658203, 115.5199966430664, 113.62999725341797, 119.44000244140625, 120.25, 122.47000122070312, 120.51000213623047, 117.91000366210938, 118.29000091552734, 118.47000122070312, 123.05999755859375, 121.62000274658203, 123.19999694824219, 126.77999877929688, 127.0999984741211, 128.0399932861328, 127.66999816894531, 124.98999786376953, 122.2300033569336, 120.19999694824219, 121.08000183105469, 127.62999725341797, 128.14999389648438, 131.6999969482422, 130.7899932861328, 131.58999633789062, 131.47999572753906, 128.27999877929688, 132.3000030517578, 130.25, 132.57000732421875, 133.6999969482422, 129.13999938964844, 131.94000244140625, 129.86000061035156, 133.63999938964844, 133.9199981689453, 132.5, 130.47999572753906, 127.44999694824219, 132.67999267578125, 124.55000305175781, 127.08000183105469, 125.43000030517578, 125.80000305175781, 128.14999389648438, 121.73999786376953, 128.3000030517578, 130.4600067138672, 130.50999450683594, 129.8699951171875, 121.5, 122.6500015258789, 123.94000244140625, 125.26000213623047, 125.45999908447266, 119.13999938964844, 122.93000030517578, 124.38999938964844, 126.86000061035156, 129.64999389648438, 128.50999450683594, 125.62000274658203, 125.37999725341797, 125.81999969482422, 123.44999694824219, 126.62000274658203, 126.27999877929688, 125.9800033569336, 124.33999633789062, 115.61000061035156, 120.04000091552734, 118.31999969482422, 106.9800033569336, 108.41000366210938, 100.91999816894531, 97.77999877929688, 90.52999877929688, 84.22000122070312, 85.12000274658203, 86.54000091552734, 89.93000030517578, 84.30000305175781, 83.26000213623047, 78.23999786376953, 71.69000244140625, 67.58999633789062, 66.80000305175781, 63.380001068115234, 65.70999908447266, 65.5199966430664, 63.83000183105469, 61.72999954223633, 60.88999938964844, 59.91999816894531, 65.61000061035156, 68.98999786376953, 68.91999816894531, 65.79000091552734, 63.43000030517578, 64.2699966430664, 65.22000122070312, 63.5099983215332, 63.25, 66.16000366210938, 67.9800033569336, 71.6500015258789, 61.97999954223633, 55.38999938964844, 56.970001220703125, 56.91999816894531, 61.189998626708984, 47.939998626708984, 48.459999084472656, 42.88999938964844, 47.40999984741211, 47.77000045776367, 51.20000076293945, 51.65999984741211, 51.5099983215332, 52.54999923706055, 53.369998931884766, 50.77000045776367, 45.15999984741211, 44.09000015258789, 48.54999923706055, 43.65999984741211, 38.220001220703125, 35.189998626708984, 33.290000915527344, 37.93000030517578, 39.529998779296875, 31.940000534057617, 37.88999938964844, 35.20000076293945, 38.22999954223633, 37.810001373291016, 30.6299991607666, 31.940000534057617, 28.889999389648438, 32.040000915527344, 27.56999969482422, 24.290000915527344, 22.030000686645508, 21.75, 21.520000457763672, 20.850000381469727, 16.020000457763672, 16.59000015258789, 15.760000228881836, 18.34000015258789, 16.559999465942383], "true_rul": [125.0, 125.0, 125.0, 125.0, 125.0, 125.0, 125.0, 125.0, 125.0, 125.0, 125.0, 125.0, 125.0, 125.0, 125.0, 125.0, 125.0, 125.0, 125.0, 125.0, 125.0, 125.0, 125.0, 125.0, 125.0, 125.0, 125.0, 125.0, 125.0, 125.0, 125.0, 125.0, 125.0, 125.0, 125.0, 125.0, 125.0, 125.0, 125.0, 125.0, 125.0, 125.0, 125.0, 125.0, 125.0, 125.0, 125.0, 125.0, 125.0, 125.0, 125.0, 125.0, 125.0, 125.0, 125.0, 125.0, 125.0, 125.0, 125.0, 125.0, 125.0, 125.0, 125.0, 125.0, 125.0, 125.0, 125.0, 125.0, 125.0, 125.0, 125.0, 125.0, 125.0, 125.0, 125.0, 125.0, 125.0, 124.0, 123.0, 122.0, 121.0, 120.0, 119.0, 118.0, 117.0, 116.0, 115.0, 114.0, 113.0, 112.0, 111.0, 110.0, 109.0, 108.0, 107.0, 106.0, 105.0, 104.0, 103.0, 102.0, 101.0, 100.0, 99.0, 98.0, 97.0, 96.0, 95.0, 94.0, 93.0, 92.0, 91.0, 90.0, 89.0, 88.0, 87.0, 86.0, 85.0, 84.0, 83.0, 82.0, 81.0, 80.0, 79.0, 78.0, 77.0, 76.0, 75.0, 74.0, 73.0, 72.0, 71.0, 70.0, 69.0, 68.0, 67.0, 66.0, 65.0, 64.0, 63.0, 62.0, 61.0, 60.0, 59.0, 58.0, 57.0, 56.0, 55.0, 54.0, 53.0, 52.0, 51.0, 50.0, 49.0, 48.0, 47.0, 46.0, 45.0, 44.0, 43.0, 42.0, 41.0, 40.0, 39.0, 38.0, 37.0, 36.0, 35.0, 34.0, 33.0, 32.0, 31.0, 30.0, 29.0, 28.0, 27.0, 26.0, 25.0, 24.0, 23.0, 22.0, 21.0, 20.0, 19.0, 18.0], "true_end": 18.0, "sensors": {"s2": [554.73, 549.07, 554.84, 549.69, 549.28, 548.93, 549.22, 549.05, 549.92, 548.97, 554.97, 548.51, 555.23, 555.26, 604.34, 549.39, 548.79, 604.46, 607.1, 549.06, 548.87, 549.24, 603.73, 536.7, 604.02, 642.22, 536.72, 641.98, 548.95, 549.44, 603.99, 641.9, 604.24, 536.41, 641.44, 641.96, 549.41, 642.6, 555.84, 607.24, 549.33, 536.57, 536.31, 549.68, 536.45, 555.33, 549.33, 606.61, 548.82, 607.17, 549.02, 641.86, 606.62, 555.68, 537.02, 549.1, 549.29, 641.64, 555.34, 549.34, 607.5, 536.19, 641.85, 555.34, 555.26, 642.09, 536.81, 607.25, 606.85, 549.58, 548.97, 642.02, 642.45, 536.49, 549.47, 555.8, 604.47, 604.43, 604.58, 549.39, 536.43, 642.5, 549.46, 537.06, 549.51, 604.24, 642.09, 604.39, 606.99, 555.12, 548.88, 555.55, 549.48, 549.28, 607.4, 606.96, 604.53, 555.89, 641.88, 607.23, 549.22, 549.08, 642.17, 607.09, 555.88, 536.67, 642.21, 606.49, 549.01, 550.09, 549.61, 642.35, 642.44, 607.13, 537.13, 555.38, 555.67, 642.65, 641.76, 555.47, 537.1, 642.44, 537.23, 537.31, 604.82, 604.93, 554.78, 549.45, 642.21, 555.65, 604.54, 556.08, 642.03, 607.57, 607.27, 549.81, 555.62, 643.07, 549.63, 537.08, 550.32, 536.92, 555.49, 555.91, 537.23, 605.1, 536.5, 642.67, 549.65, 549.65, 604.56, 556.23, 604.97, 549.88, 555.95, 548.89, 536.98, 642.65, 537.32, 555.62, 556.17, 555.84, 642.72, 549.66, 549.72, 642.18, 605.14, 642.94, 537.17, 643.13, 536.39, 537.4, 643.07, 537.29, 550.44, 537.43, 536.9, 555.89, 643.21, 550.47, 605.06, 605.47, 537.28, 555.62],