{"unit": 169, "cycle": [1, 2, 3, 4, 5, 6, 7, 8, 9, 10, 11, 12, 13, 14, 15, 16, 17, 18, 19, 20, 21, 22, 23, 24, 25, 26, 27, 28, 29, 30, 31, 32, 33, 34, 35, 36, 37, 38, 39, 40, 41, 42, 43, 44, 45, 46, 47, 48, 49, 50, 51, 52, 53, 54, 55, 56, 57, 58, 59, 60, 61, 62, 63, 64, 65, 66, 67, 68, 69, 70, 71, 72, 73, 74, 75, 76, 77, 78, 79, 80], "pred_rul": [116.86000061035156, 113.66999816894531, 114.0999984741211, 105.9800033569336, 105.88999938964844, 99.72000122070312, 102.30999755859375, 98.25, 97.68000030517578, 100.73999786376953, 95.23999786376953, 87.62000274658203, 85.81999969482422, 92.12999725341797, 91.2699966430664, 95.62000274658203, 97.13999938964844, 96.97000122070312, 95.86000061035156, 98.30999755859375, 100.94000244140625, 99.98999786376953, 97.30999755859375, 99.25, 99.44000244140625, 98.87000274658203, 102.05000305175781, 98.72000122070312, 102.01000213623047, 103.76000213623047, 102.93000030517578, 104.45999908447266, 100.3499984741211, 99.12000274658203, 106.12999725341797, 109.12000274658203, 110.41999816894531, 109.63999938964844, 110.51000213623047, 112.44000244140625, 110.98999786376953, 118.30999755859375, 118.94000244140625, 116.20999908447266, 117.4000015258789, 117.11000061035156, 120.38999938964844, 119.52999877929688, 122.87000274658203, 124.16999816894531, 121.58999633789062, 121.37000274658203, 121.36000061035156, 117.87000274658203, 116.62000274658203, 115.48999786376953, 123.62999725341797, 123.76000213623047, 119.80000305175781, 119.1500015258789, 117.80000305175781, 122.93000030517578, 117.05999755859375, 114.80000305175781, 116.43000030517578, 115.5, 120.2300033569336, 118.63999938964844, 119.86000061035156, 124.68000030517578, 117.95999908447266, 125.30999755859375, 121.68000030517578, 121.55000305175781, 119.80000305175781, 115.41000366210938, 117.25, 113.62000274658203, 112.75, 109.56999969482422], "true_rul": [125.0, 125.0, 125.0, 125.0, 125.0, 125.0, 125.0, 125.0, 125.0, 125.0, 125.0, 125.0, 125.0, 125.0, 125.0, 125.0, 125.0, 125.0, 125.0, 125.0, 125.0, 125.0, 125.0, 125.0, 125.0, 125.0, 125.0, 125.0, 125.0, 125.0, 125.0, 125.0, 125.0, 125.0, 125.0, 125.0, 125.0, 125.0, 125.0, 125.0, 125.0, 125.0, 125.0, 125.0, 125.0, 125.0, 125.0, 125.0, 125.0, 125.0, 125.0, 125.0, 125.0, 125.0, 125.0, 125.0, 125.0, 125.0, 125.0, 125.0, 125.0, 125.0, 125.0, 125.0, 125.0, 125.0, 125.0, 125.0, 125.0, 125.0, 125.0, 125.0, 125.0, 125.0, 125.0, 125.0, 125.0, 125.0, 125.0, 125.0], "true_end": 125.0, "sensors": {"s2": [604.62, 537.09, 555.59, 607.56, 550.51, 642.93, 555.6, 555.97, 556.12, 642.68, 537.09, 642.91, 550.25, 550.03, 549.77, 607.78, 549.53, 608.0, 555.42, 642.93, 604.72, 536.78, 550.06, 555.85, 555.58, 555.73, 555.72, 607.24, 605.34, 555.84, 605.3, 549.93, 549.81, 555.58, 536.39, 555.89, 607.46, 607.32, 642.29, 549.81, 643.05, 549.33, 607.94, 549.94, 536.96, 605.16, 536.87, 607.6, 555.68, 642.51, 642.76, 549.83, 604.98, 536.44, 537.33, 536.72, 536.32, 605.44, 607.84, 549.94, 642.77, 604.75, 642.88, 549.34, 641.91, 555.9, 536.97, 536.63, 556.37, 607.44, 550.49, 607.63, 643.06, 549.76, 642.67, 607.41, 537.95, 607.88, 555.96, 536.75], "s3": [1501.6, 1262.39, 1375.31, 1484.0, 1350.2, 1591.74, 1359.44, 1365.2, 1374.9, 1589.98, 1267.14, 1592.57, 1354.66, 1346.45, 1355.97, 1484.92, 1349.98, 1481.02, 1356.11, 1594.13, 1502.41, 1264.04, 1351.82, 1368.09, 1365.81, 1371.18, 1361.56, 1491.57, 1502.47, 1362.61, 1504.2, 1355.51, 1356.66, 1366.46, 1263.38, 1365.92, 1484.65, 1490.47, 1592.51, 1355.51, 1597.35, 1348.72, 1485.45, 1353.2, 1269.24, 1504.83, 1264.97, 1489.24, 1365.77, 1589.93, 1590.63, 1355.48, 1503.32, 1268.45, 1273.32, 1262.59, 1258.94, 1498.65, 1490.52, 1354.78, 1583.25, 1507.68, 1594.33, 1358.35, 1590.48, 1367.08, 1267.9, 1272.83, 1364.67, 1482.48, 1349.42, 1487.19, 1592.78, 1351.73, 1589.11, 1486.37, 1259.13, 1481.44, 1366.94, 1274.74], "s4": [1311.35, 1048.39, 1143.34, 1250.16, 1127.19, 1414.18, 1136.21, 1135.72, 1129.98, 1404.54, 1052.86, 1413.57, 1122.56, 1123.6, 1129.23, 1248.39, 1129.07, 1246.84, 1128.4, 1411.73, 1306.59, 1049.72, 1123.3, 1131.18, 1131.35, 1134.41, 1133.5, 1254.95, 1314.9, 1133.69, 1307.99, 1133.84, 1133.01, 1127.42, 1052.46, 1133.15, 1251.01, 1256.01, 1413.74, 1130.52, 1408.0, 1122.79, 1254.07, 1129.54, 1048.99, 1312.71, 1050.36, 1258.34, 1127.04, 1407.28, 1414.79, 1128.04, 1309.07, 1050.05, 1056.85, 1050.02, 1045.68, 1304.53, 1247.2, 1130.68, 1408.79, 1311.93, 1411.02, 1125.7, 1412.92, 1135.41, 1045.79, 1051.36, 1125.47, 1255.87, 1132.6, 1258.05, 1407.49, 1123.14, 1407.15, 1255.36, 1053.16, 1250.46, 1130.69, 1051.1], "s11": [45.75, 36.8, 41.71, 44.52, 42.28, 47.51, 42.03, 42.02, 41.86, 47.63, 36.81, 47.54, 42.31, 42.15, 42.11, 44.37, 42.16, 44.24, 41.94, 47.41, 45.59, 36.79, 42.26, 42.08, 41.9, 41.96, 41.87, 44.42, 45.62, 42.14, 45.49, 42.19, 42.12, 42.0, 36.77, 41.94, 44.6, 44.46, 47.37, 42.2, 47.46, 42.44, 44.6, 42.09, 36.99, 45.46, 36.85, 44.58, 41.83, 47.58, 47.52, 42.15, 45.44, 36.63, 36.87, 37.02, 36.76, 45.6, 44.53, 42.08, 47.42, 45.48, 47.62, 42.3, 47.49, 42.02, 36.78, 36.83, 42.04, 44.42, 42.34, 44.28, 47.59, 42.16, 47.66, 44.44, 36.68, 44.57, 41.94, 36.77]}}