{"unit": 181, "cycle": [1, 2, 3, 4, 5, 6, 7, 8, 9, 10, 11, 12, 13, 14, 15, 16, 17, 18, 19, 20, 21, 22, 23, 24, 25, 26, 27, 28, 29, 30, 31, 32, 33, 34, 35, 36, 37, 38, 39, 40, 41, 42, 43, 44, 45, 46, 47, 48, 49, 50, 51, 52, 53, 54, 55, 56, 57, 58, 59, 60, 61, 62, 63, 64, 65, 66, 67, 68, 69, 70, 71, 72, 73, 74, 75, 76, 77, 78, 79, 80, 81, 82, 83, 84, 85, 86, 87, 88, 89, 90, 91, 92, 93, 94, 95, 96, 97, 98, 99, 100, 101, 102, 103, 104, 105, 106, 107, 108, 109, 110, 111, 112, 113, 114, 115, 116, 117, 118, 119, 120, 121, 122, 123, 124, 125, 126, 127, 128, 129, 130, 131, 132, 133, 134, 135, 136, 137, 138, 139, 140, 141, 142, 143, 144, 145, 146, 147, 148, 149, 150, 151, 152, 153, 154, 155, 156, 157, 158, 159, 160, 161, 162, 163, 164, 165, 166, 167, 168, 169, 170, 171, 172, 173, 174, 175, 176, 177, 178, 179, 180, 181, 182, 183, 184, 185, 186, 187, 188, 189, 190, 191, 192, 193, 194, 195, 196, 197, 198, 199], "pred_rul": [101.0, 99.5199966430664, 101.72000122070312, 107.58999633789062, 104.1500015258789, 104.2300033569336, 101.05000305175781, 97.37999725341797, 94.81999969482422, 99.45999908447266, 99.87000274658203, 102.72000122070312, 97.45999908447266, 102.4800033569336, 100.2300033569336, 101.83000183105469, 99.80999755859375, 109.62000274658203, 109.33999633789062, 116.12000274658203, 112.81999969482422, 116.08000183105469, 113.52999877929688, 117.05000305175781, 112.98999786376953, 120.81999969482422, 120.83999633789062, 122.79000091552734, 118.2699966430664, 113.19000244140625, 107.36000061035156, 112.95999908447266, 101.56999969482422, 108.27999877929688, 94.44000244140625, 106.44999694824219, 99.3499984741211, 108.01000213623047, 99.04000091552734, 108.83000183105469, 104.1500015258789, 121.95999908447266, 110.0999984741211, 121.44000244140625, 117.80000305175781, 121.3499984741211, 109.18000030517578, 116.25, 108.58999633789062, 115.7300033569336, 102.66999816894531, 114.97000122070312, 109.95999908447266, 104.41000366210938, 103.0199966430664, 107.5999984741211, 110.80999755859375, 113.16999816894531, 116.98999786376953, 115.83999633789062, 117.63999938964844, 112.04000091552734, 116.19000244140625, 123.94999694824219, 124.0, 127.4000015258789, 127.87000274658203, 125.25, 127.37999725341797, 120.41000366210938, 128.0, 126.05999755859375, 119.54000091552734, 117.36000061035156, 116.76000213623047, 116.6500015258789, 116.58999633789062, 110.01000213623047, 111.69999694824219, 112.70999908447266, 113.55000305175781, 117.9800033569336, 110.3499984741211, 110.70999908447266, 112.05000305175781, 112.52999877929688, 114.33000183105469, 107.2699966430664, 106.0199966430664, 103.41999816894531, 96.69000244140625, 104.95999908447266, 105.61000061035156, 101.45999908447266, 104.98999786376953, 107.16999816894531, 106.11000061035156, 107.20999908447266, 108.2300033569336, 111.98999786376953, 111.9000015258789, 112.88999938964844, 113.37000274658203, 116.0, 111.37000274658203, 111.73999786376953, 103.75, 112.2300033569336, 110.05999755859375, 110.7699966430664, 104.81999969482422, 109.52999877929688, 107.80000305175781, 103.36000061035156, 101.44000244140625, 106.0, 101.18000030517578, 100.33000183105469, 102.87000274658203, 108.62999725341797, 106.91000366210938, 101.58999633789062, 104.4800033569336, 109.04000091552734, 110.7699966430664, 106.97000122070312, 104.41999816894531, 98.19000244140625, 100.0, 84.69999694824219, 99.19999694824219, 92.41999816894531, 102.2300033569336, 82.4000015258789, 87.91999816894531, 78.5199966430664, 85.63999938964844, 71.69999694824219, 84.91000366210938, 75.76000213623047, 88.76000213623047, 75.23999786376953, 80.75, 65.37000274658203, 69.93000030517578, 58.439998626708984, 68.58999633789062, 67.29000091552734, 68.80999755859375, 67.27999877929688, 73.47000122070312, 63.560001373291016, 67.5, 56.79999923706055, 67.02999877929688, 57.29999923706055, 61.15999984741211, 57.61000061035156, 63.25, 55.720001220703125, 61.779998779296875, 54.54999923706055, 65.13999938964844, 60.09000015258789, 70.7699966430664, 66.93000030517578, 66.73999786376953, 62.86000061035156, 66.6500015258789, 59.810001373291016, 66.93000030517578, 63.34000015258789, 64.01000213623047, 54.02000045776367, 58.369998931884766, 58.93000030517578, 56.349998474121094, 50.529998779296875, 51.45000076293945, 46.349998474121094, 45.47999954223633, 43.56999969482422, 43.4900016784668, 45.310001373291016, 44.209999084472656, 42.900001525878906, 41.400001525878906, 43.0099983215332, 42.79999923706055, 42.599998474121094, 33.380001068115234, 36.189998626708984, 33.150001525878906, 31.479999542236328, 25.790000915527344, 28.950000762939453, 26.219999313354492, 27.940000534057617, 17.420000076293945], "true_rul": [125.0, 125.0, 125.0, 125.0, 125.0, 125.0, 125.0, 125.0, 125.0, 125.0, 125.0, 125.0, 125.0, 125.0, 125.0, 125.0, 125.0, 125.0, 125.0, 125.0, 125.0, 125.0, 125.0, 125.0, 125.0, 125.0, 125.0, 125.0, 125.0, 125.0, 125.0, 125.0, 125.0, 125.0, 125.0, 125.0, 125.0, 125.0, 125.0, 125.0, 125.0, 125.0, 125.0, 125.0, 125.0, 125.0, 125.0, 125.0, 125.0, 125.0, 125.0, 125.0, 125.0, 125.0, 125.0, 125.0, 125.0, 125.0, 125.0, 125.0, 125.0, 125.0, 125.0, 125.0, 125.0, 125.0, 125.0, 125.0, 125.0, 125.0, 125.0, 125.0, 125.0, 125.0, 125.0, 125.0, 125.0, 125.0, 125.0, 125.0, 125.0, 125.0, 125.0, 125.0, 125.0, 125.0, 125.0, 125.0, 125.0, 125.0, 125.0, 125.0, 125.0, 125.0, 125.0, 125.0, 125.0, 125.0, 125.0, 125.0, 125.0, 125.0, 125.0, 125.0, 125.0, 125.0, 125.0, 125.0, 125.0, 125.0, 125.0, 124.0, 123.0, 122.0, 121.0, 120.0, 119.0, 118.0, 117.0, 116.0, 115.0, 114.0, 113.0, 112.0, 111.0, 110.0, 109.0, 108.0, 107.0, 106.0, 105.0, 104.0, 103.0, 102.0, 101.0, 100.0, 99.0, 98.0, 97.0, 96.0, 95.0, 94.0, 93.0, 92.0, 91.0, 90.0, 89.0, 88.0, 87.0, 86.0, 85.0, 84.0, 83.0, 82.0, 81.0, 80.0, 79.0, 78.0, 77.0, 76.0, 75.0, 74.0, 73.0, 72.0, 71.0, 70.0, 69.0, 68.0, 67.0, 66.0, 65.0, 64.0, 63.0, 62.0, 61.0, 60.0, 59.0, 58.0, 57.0, 56.0, 55.0, 54.0, 53.0, 52.0, 51.0, 50.0, 49.0, 48.0, 47.0, 46.0, 45.0, 44.0, 43.0, 42.0, 41.0, 40.0, 39.0, 38.0, 37.0], "true_end": 37.0, "sensors": {"s2": [604.5, 607.47, 555.84, 549.66, 537.09, 555.67, 555.47, 556.07, 642.21, 549.73, 549.69, 605.11, 536.48, 608.32, 643.17, 643.12, 608.01, 605.22, 604.66, 556.14, 607.25, 537.18, 607.37, 536.28, 642.69, 605.49, 537.05, 642.34, 536.54, 550.37, 607.81, 536.82, 604.81, 604.76, 537.22, 537.2, 605.47, 556.02, 549.59, 605.1, 549.85, 605.06, 556.13, 537.27, 642.91, 556.06, 555.85, 549.34, 604.7, 642.6, 549.6, 604.26, 536.57, 537.3, 549.42, 556.09, 556.11, 549.2, 642.79, 643.04, 642.69, 604.92, 604.66, 555.32, 536.36, 604.85, 555.99, 556.15, 556.07, 642.81, 607.39, 607.68, 537.15, 604.77, 604.98, 555.7, 549.24, 642.88, 607.51, 555.4, 642.59, 536.75, 549.92, 536.9, 549.63, 607.61, 643.19, 643.16, 549.93, 643.47, 608.05, 604.84, 604.48, 549.93, 607.64, 555.84, 549.39, 549.82, 607.26, 549.86, 607.87, 604.85, 556.02, 643.62, 536.32, 642.69, 643.12, 550.12, 549.61, 605.03, 607.86, 549.6, 550.01, 604.67, 549.57, 604.97, 642.98, 642.6, 642.75, 556.08, 549.2, 536.69, 604.53, 643.03, 549.81, 549.46, 642.89, 536.92, 643.06, 549.78, 604.69, 555.89, 605.22, 549.74, 555.88, 605.0, 537.35, 642.64, 537.15, 536.81, 550.03, 536.41, 550.37, 605.36, 555.82, 550.11, 537.16, 607.56, 555.93, 549.87, 549.64, 642.78, 555.81, 549.53, 536.66, 556.0, 608.23, 555.69, 607.71, 643.36, 549.83, 549.98, 537.13, 550.04, 607.55, 642.61, 642.68, 642.9, 549.67, 556.39, 550.17, 537.04, 549.19, 537.07, 607.37, 605.04, 642.87, 607.62, 549.81, 642.75, 549.77, 550.16, 605.19, 607.72, 643.25, 550.05, 548.95, 556.18, 556.29, 549.97, 537.06, 550.63, 607.96, 643.57, 608.06, 607.78, 550.37, 556.43, 605.31],