{"unit": 17, "cycle": [1, 2, 3, 4, 5, 6, 7, 8, 9, 10, 11, 12, 13, 14, 15, 16, 17, 18, 19, 20, 21, 22, 23, 24, 25, 26, 27, 28, 29, 30, 31, 32, 33, 34, 35, 36, 37, 38, 39, 40, 41, 42, 43, 44, 45, 46, 47, 48, 49, 50, 51, 52, 53, 54, 55, 56, 57, 58, 59, 60, 61, 62, 63, 64, 65, 66, 67, 68, 69, 70, 71, 72, 73, 74, 75, 76, 77, 78, 79, 80, 81, 82, 83, 84, 85, 86, 87, 88, 89, 90, 91, 92, 93, 94, 95, 96, 97, 98, 99, 100, 101, 102, 103, 104, 105, 106, 107, 108, 109, 110, 111, 112, 113, 114, 115, 116, 117, 118, 119, 120, 121, 122, 123, 124, 125, 126, 127, 128, 129, 130, 131, 132, 133, 134, 135, 136, 137, 138, 139, 140, 141, 142, 143, 144, 145, 146, 147, 148, 149, 150, 151, 152, 153, 154, 155, 156, 157, 158, 159, 160, 161, 162, 163, 164, 165, 166, 167, 168, 169, 170, 171, 172, 173, 174, 175, 176, 177, 178, 179, 180, 181, 182, 183, 184, 185, 186, 187, 188, 189, 190, 191, 192, 193, 194, 195, 196, 197, 198, 199, 200, 201, 202, 203, 204, 205, 206, 207, 208, 209, 210, 211, 212, 213, 214, 215, 216, 217, 218, 219, 220, 221, 222, 223, 224, 225, 226, 227, 228, 229, 230], "pred_rul": [132.16000366210938, 133.24000549316406, 133.4499969482422, 132.1699981689453, 131.02999877929688, 131.36000061035156, 130.9199981689453, 128.2899932861328, 121.36000061035156, 114.11000061035156, 116.33999633789062, 115.54000091552734, 117.83000183105469, 117.95999908447266, 113.05000305175781, 114.12000274658203, 118.83999633789062, 113.95999908447266, 114.19000244140625, 115.8499984741211, 119.0, 119.5199966430664, 120.22000122070312, 118.37000274658203, 118.54000091552734, 119.91999816894531, 119.5999984741211, 120.16000366210938, 121.04000091552734, 120.37000274658203, 121.0199966430664, 125.20999908447266, 123.83000183105469, 123.58999633789062, 121.01000213623047, 120.9000015258789, 126.41000366210938, 125.88999938964844, 128.4600067138672, 127.05999755859375, 126.19000244140625, 130.1199951171875, 126.2300033569336, 126.76000213623047, 129.17999267578125, 129.41000366210938, 130.6300048828125, 128.27999877929688, 128.8699951171875, 130.8800048828125, 130.69000244140625, 131.58999633789062, 130.58999633789062, 130.64999389648438, 131.1300048828125, 130.52999877929688, 131.3699951171875, 130.97000122070312, 130.77000427246094, 129.72999572753906, 129.63999938964844, 131.58999633789062, 131.85000610351562, 131.35000610351562, 131.7899932861328, 130.52000427246094, 131.0, 130.6699981689453, 129.5399932861328, 130.61000061035156, 129.97000122070312, 129.6300048828125, 130.8000030517578, 124.68000030517578, 125.43000030517578, 129.52999877929688, 125.5199966430664, 123.56999969482422, 120.1500015258789, 121.55000305175781, 122.58999633789062, 123.1500015258789, 125.7300033569336, 126.22000122070312, 128.92999267578125, 127.02999877929688, 128.69000244140625, 128.19000244140625, 127.5199966430664, 128.89999389648438, 128.66000366210938, 128.77000427246094, 127.83000183105469, 126.86000061035156, 127.19000244140625, 128.97999572753906, 128.8699951171875, 129.02999877929688, 126.77999877929688, 126.0999984741211, 128.49000549316406, 121.12999725341797, 124.30999755859375, 128.77000427246094, 130.16000366210938, 131.5800018310547, 131.10000610351562, 131.1300048828125, 130.5800018310547, 130.1999969482422, 130.1999969482422, 130.57000732421875, 131.3699951171875, 124.58000183105469, 130.55999755859375, 130.94000244140625, 130.8300018310547, 130.52000427246094, 128.14999389648438, 127.30000305175781, 130.88999938964844, 131.02999877929688, 131.39999389648438, 130.5500030517578, 130.39999389648438, 130.52999877929688, 129.92999267578125, 129.63999938964844, 129.72999572753906, 129.82000732421875, 129.97000122070312, 130.75, 130.3000030517578, 129.97999572753906, 130.4499969482422, 129.4600067138672, 130.02999877929688, 130.47999572753906, 130.19000244140625, 130.14999389648438, 128.49000549316406, 130.42999267578125, 130.27999877929688, 128.13999938964844, 128.9199981689453, 129.5, 130.2899932861328, 130.3000030517578, 129.9499969482422, 129.72000122070312, 128.5399932861328, 129.58999633789062, 130.3000030517578, 130.33999633789062, 130.72000122070312, 130.5, 131.1300048828125, 130.1300048828125, 130.33999633789062, 131.19000244140625, 129.17999267578125, 125.91000366210938, 130.2100067138672, 127.91999816894531, 130.5399932861328, 129.52999877929688, 129.7100067138672, 129.38999938964844, 128.30999755859375, 129.94000244140625, 129.27999877929688, 129.80999755859375, 129.4499969482422, 125.63999938964844, 127.77999877929688, 126.31999969482422, 127.68000030517578, 129.91000366210938, 125.98999786376953, 127.54000091552734, 128.92999267578125, 130.10000610351562, 129.52999877929688, 128.6199951171875, 129.4600067138672, 128.00999450683594, 127.20999908447266, 129.36000061035156, 128.1699981689453, 127.87999725341797, 127.3499984741211, 124.18000030517578, 125.12999725341797, 126.55000305175781, 127.54000091552734, 127.6500015258789, 124.87999725341797, 128.5399932861328, 127.63999938964844, 124.69999694824219, 128.19000244140625, 127.13999938964844, 127.37000274658203, 127.33999633789062, 127.33999633789062, 126.05000305175781, 124.44999694824219, 122.20999908447266, 122.56999969482422, 126.68000030517578, 128.36000061035156, 124.7300033569336, 125.63999938964844, 125.98999786376953, 126.19000244140625, 122.6500015258789, 120.36000061035156, 117.9000015258789, 124.02999877929688, 122.91000366210938, 122.16999816894531, 121.19000244140625, 112.48999786376953, 112.63999938964844, 117.5, 118.55999755859375, 115.11000061035156, 111.69999694824219, 107.68000030517578, 112.41999816894531], "true_rul": [125.0, 125.0, 125.0, 125.0, 125.0, 125.0, 125.0, 125.0, 125.0, 125.0, 125.0, 125.0, 125.0, 125.0, 125.0, 125.0, 125.0, 125.0, 125.0, 125.0, 125.0, 125.0, 125.0, 125.0, 125.0, 125.0, 125.0, 125.0, 125.0, 125.0, 125.0, 125.0, 125.0, 125.0, 125.0, 125.0, 125.0, 125.0, 125.0, 125.0, 125.0, 125.0, 125.0, 125.0, 125.0, 125.0, 125.0, 125.0, 125.0, 125.0, 125.0, 125.0, 125.0, 125.0, 125.0, 125.0, 125.0, 125.0, 125.0, 125.0, 125.0, 125.0, 125.0, 125.0, 125.0, 125.0, 125.0, 125.0, 125.0, 125.0, 125.0, 125.0, 125.0, 125.0, 125.0, 125.0, 125.0, 125.0, 125.0, 125.0, 125.0, 125.0, 125.0, 125.0, 125.0, 125.0, 125.0, 125.0, 125.0, 125.0, 125.0, 125.0, 125.0, 125.0, 125.0, 125.0, 125.0, 125.0, 125.0, 125.0, 125.0, 125.0, 125.0, 125.0, 125.0, 125.0, 125.0, 125.0, 125.0, 125.0, 125.0, 125.0, 125.0, 125.0, 125.0, 125.0, 125.0, 125.0, 125.0, 125.0, 125.0, 125.0, 125.0, 125.0, 125.0, 125.0, 125.0, 125.0, 125.0, 125.0, 125.0, 125.0, 125.0, 125.0, 125.0, 125.0, 125.0, 125.0, 125.0, 125.0, 125.0, 125.0, 125.0, 125.0, 125.0, 125.0, 125.0, 125.0, 125.0, 125.0, 125.0, 125.0, 125.0, 125.0, 125.0, 125.0, 125.0, 125.0, 125.0, 125.0, 125.0, 125.0, 125.0, 125.0, 125.0, 125.0, 125.0, 125.0, 125.0, 125.0, 125.0, 125.0, 125.0, 125.0, 125.0, 125.0, 125.0, 125.0, 125.0, 125.0, 125.0, 125.0, 125.0, 125.0, 125.0, 125.0, 125.0, 125.0, 125.0, 125.0, 125.0, 125.0, 125.0, 125.0, 125.0, 125.0, 125.0, 125.0, 125.0, 125.0, 125.0, 125.0, 125.0, 125.0, 125.0, 125.0, 125.0, 125.0, 125.0, 125.0, 125.0, 125.0, 125.0, 125.0, 125.0, 125.0, 125.0, 125.0, 125.0, 125.0, 125.0, 125.0, 125.0, 125.0, 125.0, 125.0, 125.0, 125.0, 125.0, 125.0], "true_end": 125.0,