{"unit": 101, "cycle": [1, 2, 3, 4, 5, 6, 7, 8, 9, 10, 11, 12, 13, 14, 15, 16, 17, 18, 19, 20, 21, 22, 23, 24, 25, 26, 27, 28, 29, 30, 31, 32, 33, 34, 35, 36, 37, 38, 39, 40, 41, 42, 43, 44, 45, 46, 47, 48, 49, 50, 51, 52, 53, 54, 55, 56, 57, 58, 59, 60, 61, 62, 63, 64, 65, 66, 67, 68, 69, 70, 71, 72, 73, 74, 75, 76, 77, 78, 79, 80, 81, 82, 83, 84, 85, 86, 87, 88, 89, 90, 91, 92, 93, 94, 95, 96, 97, 98, 99, 100, 101, 102, 103, 104, 105, 106, 107, 108, 109, 110, 111, 112, 113, 114, 115, 116, 117, 118, 119, 120, 121, 122, 123, 124, 125, 126, 127, 128, 129, 130, 131, 132, 133, 134, 135, 136, 137, 138, 139, 140, 141, 142, 143, 144, 145, 146, 147, 148, 149, 150, 151, 152, 153, 154, 155, 156, 157, 158, 159, 160, 161, 162, 163, 164, 165, 166], "pred_rul": [124.4000015258789, 126.05999755859375, 128.27000427246094, 127.52999877929688, 128.36000061035156, 126.94999694824219, 126.2699966430664, 124.94000244140625, 127.19999694824219, 126.12999725341797, 127.79000091552734, 126.7699966430664, 128.85000610351562, 128.41000366210938, 127.12999725341797, 128.61000061035156, 129.30999755859375, 127.61000061035156, 131.3000030517578, 128.69000244140625, 129.77999877929688, 129.52999877929688, 125.16000366210938, 127.12999725341797, 126.2699966430664, 127.5, 127.75, 128.27999877929688, 128.7899932861328, 127.58999633789062, 126.72000122070312, 127.8499984741211, 128.02999877929688, 126.83000183105469, 127.27999877929688, 125.19000244140625, 124.91999816894531, 125.11000061035156, 121.43000030517578, 120.86000061035156, 119.45999908447266, 121.91000366210938, 123.5, 120.94999694824219, 124.43000030517578, 119.41999816894531, 115.0199966430664, 119.91999816894531, 121.70999908447266, 121.62000274658203, 122.69000244140625, 116.62000274658203, 118.05000305175781, 119.3499984741211, 109.55999755859375, 109.7699966430664, 111.37999725341797, 113.30000305175781, 109.2300033569336, 108.52999877929688, 105.45999908447266, 113.72000122070312, 105.83000183105469, 111.01000213623047, 109.08000183105469, 116.1500015258789, 112.81999969482422, 114.37000274658203, 107.36000061035156, 115.01000213623047, 111.1500015258789, 108.97000122070312, 111.58000183105469, 112.76000213623047, 115.08999633789062, 111.83999633789062, 111.06999969482422, 117.12999725341797, 116.36000061035156, 114.66999816894531, 117.91000366210938, 112.12000274658203, 118.37999725341797, 108.77999877929688, 120.27999877929688, 112.5999984741211, 117.19999694824219, 108.75, 125.11000061035156, 111.94999694824219, 123.66999816894531, 111.1500015258789, 127.11000061035156, 119.94000244140625, 123.83999633789062, 112.22000122070312, 124.08000183105469, 111.06999969482422, 119.5199966430664, 111.55999755859375, 111.95999908447266, 111.33999633789062, 114.81999969482422, 105.80000305175781, 121.45999908447266, 115.3499984741211, 110.26000213623047, 105.4800033569336, 103.0199966430664, 110.22000122070312, 89.19999694824219, 89.79000091552734, 78.44000244140625, 76.26000213623047, 63.439998626708984, 63.310001373291016, 60.900001525878906, 67.73999786376953, 57.0, 59.5, 60.08000183105469, 55.45000076293945, 60.720001220703125, 60.869998931884766, 72.98999786376953, 71.22000122070312, 64.54000091552734, 65.76000213623047, 64.5199966430664, 65.7300033569336, 72.94999694824219, 72.45999908447266, 85.73999786376953, 86.6500015258789, 82.80999755859375, 79.13999938964844, 75.81999969482422, 69.76000213623047, 72.05000305175781, 63.290000915527344, 61.380001068115234, 59.060001373291016, 61.72999954223633, 56.16999816894531, 60.56999969482422, 58.970001220703125, 50.58000183105469, 46.150001525878906, 46.15999984741211, 44.45000076293945, 40.779998779296875, 39.7400016784668, 32.060001373291016, 34.70000076293945, 25.860000610351562, 27.280000686645508, 20.6200008392334, 20.399999618530273, 19.09000015258789, 18.389999389648438, 15.960000038146973, 16.020000457763672, 17.6299991607666, 16.979999542236328, 16.06999969482422, 12.359999656677246], "true_rul": [125.0, 125.0, 125.0, 125.0, 125.0, 125.0, 125.0, 125.0, 125.0, 125.0, 125.0, 125.0, 125.0, 125.0, 125.0, 125.0, 125.0, 125.0, 125.0, 125.0, 125.0, 125.0, 125.0, 125.0, 125.0, 125.0, 125.0, 125.0, 125.0, 125.0, 125.0, 125.0, 125.0, 125.0, 125.0, 125.0, 125.0, 125.0, 125.0, 125.0, 125.0, 125.0, 125.0, 125.0, 125.0, 125.0, 125.0, 125.0, 125.0, 125.0, 125.0, 125.0, 125.0, 125.0, 124.0, 123.0, 122.0, 121.0, 120.0, 119.0, 118.0, 117.0, 116.0, 115.0, 114.0, 113.0, 112.0, 111.0, 110.0, 109.0, 108.0, 107.0, 106.0, 105.0, 104.0, 103.0, 102.0, 101.0, 100.0, 99.0, 98.0, 97.0, 96.0, 95.0, 94.0, 93.0, 92.0, 91.0, 90.0, 89.0, 88.0, 87.0, 86.0, 85.0, 84.0, 83.0, 82.0, 81.0, 80.0, 79.0, 78.0, 77.0, 76.0, 75.0, 74.0, 73.0, 72.0, 71.0, 70.0, 69.0, 68.0, 67.0, 66.0, 65.0, 64.0, 63.0, 62.0, 61.0, 60.0, 59.0, 58.0, 57.0, 56.0, 55.0, 54.0, 53.0, 52.0, 51.0, 50.0, 49.0, 48.0, 47.0, 46.0, 45.0, 44.0, 43.0, 42.0, 41.0, 40.0, 39.0, 38.0, 37.0, 36.0, 35.0, 34.0, 33.0, 32.0, 31.0, 30.0, 29.0, 28.0, 27.0, 26.0, 25.0, 24.0, 23.0, 22.0, 21.0, 20.0, 19.0, 18.0, 17.0, 16.0, 15.0, 14.0, 13.0], "true_end": 13.0, "sensors": {"s2": [555.87, 604.42, 607.47, 642.88, 607.36, 549.88, 607.62, 536.9, 607.23, 549.74, 642.53, 642.78, 555.38, 642.14, 536.66, 549.68, 642.51, 555.36, 604.22, 607.16, 642.63, 604.79, 536.8, 536.65, 604.79, 607.26, 607.54, 536.83, 607.3, 549.2, 642.47, 607.33, 642.04, 536.49, 555.39, 604.56, 555.46, 549.79, 556.12, 555.91, 607.94, 642.33, 549.53, 549.46, 536.95, 605.15, 607.01, 549.48, 604.83, 607.95, 642.43, 607.72, 556.31, 550.03, 608.27, 556.01, 549.64, 536.86, 549.58, 605.35, 536.62, 642.07, 642.19, 642.31, 555.89, 555.09, 556.09, 536.62, 555.7, 555.52, 642.79, 555.96, 607.53, 607.68, 607.68, 604.59, 549.18, 555.11, 536.51, 605.08, 607.52, 536.63, 642.45, 550.27, 606.93, 605.33, 604.69, 607.74, 604.44, 604.87, 549.79, 642.26, 607.41, 642.77, 605.46, 549.89, 607.82, 549.32, 605.36, 607.45, 556.33, 642.86, 556.01, 556.14, 607.36, 549.71, 536.74, 537.29, 555.44, 555.9, 537.25, 536.66, 608.09, 607.75, 556.25, 605.28, 643.16, 549.62, 549.7, 642.8, 536.98, 537.04, 642.75, 642.72, 549.77, 604.89, 549.99, 549.81, 549.55, 550.08, 549.39, 555.9, 556.31, 607.55, 556.32, 605.08, 548.91, 549.97, 555.65, 537.32, 642.98, 549.95, 642.87, 550.92, 550.4, 549.74, 607.72, 537.23, 537.41, 605.39, 605.44, 643.08, 556.07, 556.02, 550.16, 607.84, 643.56, 550.75, 556.15, 608.35, 643.11, 550.05, 550.34, 608.14, 550.15, 643.93], "s3": [1363.62, 1504.39, 1484.62, 1591.03, 1477.27, 1347.2, 1487.18, 1257.82, 1483.87, 1357.77, 1583.95, 1590.43, 1359.3, 1587.61, 1263.09, 1347.05, 1586.96, 1359.62, 1503.65, 1486.31, 1584.38, 1502.4, 1261.77, 1257.78, 1497.34, 1489.68, 1479.34, 1255.19, 1477.81, 1353.38, 1590.22, 1485.35, 1583.72, 1253.48, 1364.35, 1505.82, 1364.12, 1356.65, 1360.66, 1363.94, 1480.88, 1589.94, 1351.68, 1351.18, 1253.65, 1502.41, 1482.18, 1349.59, 1501.76, 1485.0, 1587.49, 1482.78, 1361.11, 1349.69, 1482.35, 1367.19, 1347.63, 1261.79, 1362.88, 1494.67, 1262.75, 1591.77, 1587.36, 1587.52, 1359.92, 1364.65, 1366.26, 1253.61, 1367.45, 1364.77, 1589.86, 1364.27, 1480.39, 1481.22, 1482.08, 1497.85, 1352.17, 1365.54, 1262.48, 1500.93, 1484.5, 1263.87, 1587.86, 1349.62, 1483.54, 1500.94, 1499.82, 1482.85, 1497.71, 1493.89, 1357.95, 1582.09, 1483.42, 1591.93, 1501.56, 1350.49, 1483.01, 1354.19, 1501.75, 1489.27, 1365.18, 1586.53, 1364.12, 1365.72, 1487.38, 1356.64, 1263.42, 1268.25, 1356.97, 1363.37, 1268.99, 1262.93, 1482.33, 1489.49, 1368.67, 1505.46, 1593.08, 1358.21, 1351.88, 1591.54, 1257.89, 1262.89, 1591.25, 1593.21, 1355.22, 1502.44, 1356.8, 1358.68, 1351.43, 1352.77, 1356.78, 1364.83, 1362.73, 1481.89, 1363.31, 1505.79, 1366.56, 1361.39, 1373.16, 1265.0, 1595.66, 1352.25, 1589.49, 1354.6, 1361.1, 1357.89, 1489.64, 1269.55, 1265.55, 1515.6, 1511.41, 1592.21, 1380.77, 1371.6, 1365.58, 1488.05, 1597.51, 1354.53, 1368.45, 1495.51, 1594.43, 1361.81, 1360.05, 1496.92, 1364.75, 1608.05],