{"unit": 1, "cycle": [1, 2, 3, 4, 5, 6, 7, 8, 9, 10, 11, 12, 13, 14, 15, 16, 17, 18, 19, 20, 21, 22, 23, 24, 25, 26, 27, 28, 29, 30, 31], "pred_rul": [131.58999633789062, 135.38999938964844, 134.50999450683594, 129.75, 127.94000244140625, 126.79000091552734, 127.55999755859375, 126.69000244140625, 115.91999816894531, 113.80000305175781, 109.62000274658203, 112.41999816894531, 109.3499984741211, 111.7300033569336, 113.79000091552734, 104.87000274658203, 98.80000305175781, 96.08999633789062, 102.79000091552734, 103.58000183105469, 103.01000213623047, 99.94000244140625, 105.19999694824219, 105.87999725341797, 106.44999694824219, 104.43000030517578, 93.55999755859375, 95.88999938964844, 96.76000213623047, 95.56999969482422, 99.55999755859375], "true_rul": [125.0, 125.0, 125.0, 125.0, 125.0, 125.0, 125.0, 125.0, 125.0, 125.0, 125.0, 125.0, 125.0, 125.0, 125.0, 125.0, 125.0, 125.0, 124.0, 123.0, 122.0, 121.0, 120.0, 119.0, 118.0, 117.0, 116.0, 115.0, 114.0, 113.0, 112.0], "true_end": 112.0, "sensors": {"s2": [643.02, 641.71, 642.46, 642.44, 642.51, 642.11, 642.11, 642.54, 641.88, 642.07, 642.04, 642.54, 641.94, 642.23, 642.5, 642.32, 642.19, 642.59, 642.43, 642.61, 642.7, 642.45, 642.12, 642.32, 642.25, 642.48, 642.08, 641.93, 641.95, 642.79, 642.58], "s3": [1585.29, 1588.45, 1586.94, 1584.12, 1587.19, 1579.12, 1583.34, 1580.89, 1593.29, 1585.25, 1581.03, 1587.43, 1589.09, 1583.16, 1584.81, 1584.51, 1582.7, 1586.53, 1585.58, 1587.78, 1583.3, 1582.78, 1587.51, 1594.29, 1582.43, 1583.28, 1586.65, 1594.25, 1587.15, 1585.72, 1581.22], "s4": [1398.21, 1395.42, 1401.34, 1406.42, 1401.92, 1395.13, 1404.84, 1400.89, 1412.28, 1398.64, 1403.83, 1397.82, 1403.94, 1402.88, 1398.79, 1407.76, 1404.12, 1403.69, 1402.3, 1400.7, 1399.2, 1404.06, 1395.09, 1400.15, 1400.23, 1408.07, 1400.31, 1401.29, 1398.11, 1400.97, 1398.91], "s11": [47.2, 47.5, 47.5, 47.28, 47.31, 47.26, 47.31, 47.21, 47.37, 47.14, 47.23, 47.27, 47.35, 47.24, 47.35, 47.39, 47.27, 47.44, 47.25, 47.46, 47.36, 47.26, 47.19, 47.29, 47.37, 47.33, 47.34, 47.05, 47.42, 47.4, 47.23]}}