{"unit": 9, "cycle": [1, 2, 3, 4, 5, 6, 7, 8, 9, 10, 11, 12, 13, 14, 15, 16, 17, 18, 19, 20, 21, 22, 23, 24, 25, 26, 27, 28, 29, 30, 31, 32, 33, 34, 35, 36, 37, 38, 39, 40, 41, 42, 43, 44, 45, 46, 47, 48, 49, 50, 51, 52, 53, 54, 55], "pred_rul": [125.45999908447266, 122.25, 116.94000244140625, 112.93000030517578, 104.7699966430664, 104.02999877929688, 103.86000061035156, 105.87999725341797, 107.19999694824219, 108.19999694824219, 104.20999908447266, 105.93000030517578, 100.45999908447266, 98.55000305175781, 100.18000030517578, 98.76000213623047, 95.58000183105469, 95.23999786376953, 97.77999877929688, 97.52999877929688, 98.66999816894531, 96.61000061035156, 97.6500015258789, 103.26000213623047, 104.94000244140625, 104.01000213623047, 103.63999938964844, 100.31999969482422, 106.0199966430664, 101.5999984741211, 102.98999786376953, 103.38999938964844, 106.3499984741211, 111.9800033569336, 107.02999877929688, 114.56999969482422, 116.44000244140625, 115.0999984741211, 120.01000213623047, 114.55999755859375, 120.91000366210938, 120.25, 117.02999877929688, 115.91000366210938, 113.20999908447266, 119.70999908447266, 123.08000183105469, 123.94999694824219, 125.05000305175781, 124.61000061035156, 123.62000274658203, 125.27999877929688, 115.51000213623047, 113.41000366210938, 114.33999633789062], "true_rul": [125.0, 125.0, 125.0, 125.0, 125.0, 125.0, 125.0, 125.0, 125.0, 125.0, 125.0, 125.0, 125.0, 125.0, 125.0, 125.0, 125.0, 125.0, 125.0, 125.0, 125.0, 125.0, 125.0, 125.0, 125.0, 125.0, 125.0, 125.0, 125.0, 125.0, 125.0, 125.0, 125.0, 125.0, 125.0, 125.0, 125.0, 125.0, 125.0, 125.0, 125.0, 124.0, 123.0, 122.0, 121.0, 120.0, 119.0, 118.0, 117.0, 116.0, 115.0, 114.0, 113.0, 112.0, 111.0], "true_end": 111.0, "sensors": {"s2": [642.85, 643.14, 642.67, 642.66, 642.07, 642.39, 642.5, 642.8, 642.32, 642.67, 642.79, 642.2, 642.64, 642.82, 642.52, 643.11, 643.37, 642.8, 642.5, 643.26, 642.81, 642.61, 643.07, 642.08, 642.37, 642.25, 642.92, 642.42, 642.51, 642.76, 642.79, 642.87, 642.81, 642.41, 642.67, 642.57, 642.97, 642.62, 642.14, 642.85, 642.61, 643.08, 642.61, 642.68, 642.58, 642.33, 642.86, 642.2, 642.81, 642.72, 642.78, 642.84, 642.77, 642.09, 642.27], "s3": [1587.9, 1592.19, 1586.04, 1592.61, 1589.04, 1588.74, 1586.91, 1586.54, 1590.13, 1592.41, 1591.46, 1589.59, 1592.38, 1589.5, 1589.64, 1592.19, 1592.78, 1587.32, 1587.7, 1585.85, 1584.33, 1592.16, 1587.44, 1595.48, 1587.06, 1594.76, 1586.14, 1600.35, 1590.24, 1591.28, 1589.94, 1585.15, 1581.97, 1581.85, 1590.14, 1592.47, 1591.64, 1587.13, 1588.26, 1592.22, 1587.88, 1594.79, 1592.67, 1590.01, 1590.25, 1582.03, 1596.04, 1592.75, 1590.61, 1585.51, 1590.05, 1589.18, 1584.86, 1585.2, 1593.61], "s4": [1399.24, 1413.58, 1406.54, 1402.47, 1408.78, 1407.56, 1412.85, 1404.87, 1404.73, 1407.96, 1405.76, 1406.16, 1414.67, 1415.84, 1414.45, 1405.56, 1411.78, 1410.27, 1408.87, 1408.75, 1406.5, 1409.09, 1403.85, 1402.11, 1406.65, 1411.33, 1409.4, 1414.06, 1412.15, 1411.63, 1411.53, 1407.44, 1402.32, 1415.06, 1411.51, 1405.13, 1406.4, 1411.52, 1410.76, 1404.79, 1409.22, 1404.21, 1414.42, 1410.88, 1406.45, 1410.84, 1407.5, 1411.44, 1412.33, 1404.98, 1404.84, 1408.68, 1409.15, 1404.71, 1410.27], "s11": [47.54, 47.5, 47.6, 47.68, 47.59, 47.44, 47.42, 47.49, 47.57, 47.58, 47.41, 47.67, 47.5, 47.56, 47.39, 47.43, 47.52, 47.42, 47.5, 47.38, 47.57, 47.59, 47.56, 47.32, 47.39, 47.78, 47.33, 47.3, 47.54, 47.51, 47.57, 47.47, 47.43, 47.5, 47.49, 47.48, 47.6, 47.43, 47.58, 47.43, 47.73, 47.46, 47.59, 47.68, 47.39, 47.51, 47.35, 47.7, 47.31, 47.44, 47.6, 47.51, 47.73, 47.5, 47.58]}}