{"unit": 1, "cycle": [1, 2, 3, 4, 5, 6, 7, 8, 9, 10, 11, 12, 13, 14, 15, 16, 17, 18, 19, 20, 21, 22, 23, 24, 25, 26, 27, 28, 29, 30, 31, 32, 33, 34, 35, 36, 37, 38, 39, 40, 41, 42, 43, 44, 45, 46, 47, 48, 49, 50, 51, 52, 53, 54, 55, 56, 57, 58, 59, 60, 61, 62, 63, 64, 65, 66, 67, 68, 69, 70, 71, 72, 73, 74, 75, 76, 77, 78, 79, 80, 81, 82, 83, 84, 85, 86, 87, 88, 89, 90, 91, 92, 93, 94, 95, 96, 97, 98, 99, 100, 101, 102, 103, 104, 105, 106, 107, 108, 109, 110, 111, 112, 113, 114, 115, 116, 117, 118, 119, 120, 121, 122, 123, 124, 125, 126, 127, 128, 129, 130, 131, 132, 133, 134, 135, 136, 137, 138, 139, 140, 141, 142, 143, 144, 145, 146, 147, 148, 149, 150, 151, 152, 153, 154, 155, 156, 157, 158, 159, 160, 161, 162, 163, 164, 165, 166, 167, 168, 169, 170, 171, 172, 173, 174, 175, 176, 177, 178, 179, 180, 181, 182, 183, 184, 185, 186, 187, 188, 189, 190, 191, 192, 193, 194, 195, 196, 197, 198, 199, 200, 201, 202, 203, 204, 205, 206, 207, 208, 209, 210, 211, 212, 213, 214, 215, 216, 217, 218, 219, 220, 221, 222, 223, 224, 225, 226, 227, 228, 229, 230], "pred_rul": [128.6699981689453, 128.22999572753906, 125.69000244140625, 125.33999633789062, 124.63999938964844, 121.20999908447266, 123.31999969482422, 122.47000122070312, 123.33000183105469, 120.5, 122.51000213623047, 120.55999755859375, 123.02999877929688, 121.25, 122.79000091552734, 122.20999908447266, 120.91999816894531, 120.77999877929688, 120.31999969482422, 119.20999908447266, 121.70999908447266, 123.19999694824219, 123.20999908447266, 124.11000061035156, 124.7699966430664, 122.51000213623047, 122.83000183105469, 123.08999633789062, 122.5, 122.9000015258789, 121.61000061035156, 124.7699966430664, 122.31999969482422, 122.20999908447266, 122.94999694824219, 123.55999755859375, 123.44000244140625, 122.52999877929688, 121.44000244140625, 123.69000244140625, 124.4800033569336, 122.5199966430664, 123.04000091552734, 124.69999694824219, 121.72000122070312, 124.06999969482422, 122.48999786376953, 123.83000183105469, 123.1500015258789, 119.7300033569336, 121.26000213623047, 123.0, 123.58999633789062, 123.44999694824219, 123.6500015258789, 122.55999755859375, 123.18000030517578, 120.13999938964844, 121.11000061035156, 125.12999725341797, 124.16999816894531, 124.68000030517578, 124.9000015258789, 125.2300033569336, 124.9800033569336, 122.91999816894531, 127.2699966430664, 125.45999908447266, 124.9000015258789, 125.08999633789062, 122.66999816894531, 121.9800033569336, 123.0999984741211, 120.44999694824219, 126.77999877929688, 124.13999938964844, 124.80000305175781, 122.54000091552734, 123.22000122070312, 122.41000366210938, 122.25, 123.91999816894531, 122.9800033569336, 117.9800033569336, 119.77999877929688, 122.47000122070312, 120.36000061035156, 120.22000122070312, 118.70999908447266, 120.72000122070312, 120.45999908447266, 120.0199966430664, 121.61000061035156, 121.05000305175781, 122.08000183105469, 119.55000305175781, 118.86000061035156, 122.19999694824219, 117.29000091552734, 118.69000244140625, 120.33000183105469, 119.02999877929688, 121.63999938964844, 121.48999786376953, 119.54000091552734, 122.44000244140625, 120.08999633789062, 120.29000091552734, 122.48999786376953, 120.36000061035156, 120.30000305175781, 123.6500015258789, 122.9000015258789, 122.91999816894531, 121.12999725341797, 121.06999969482422, 121.73999786376953, 120.37999725341797, 121.41999816894531, 119.11000061035156, 119.69999694824219, 120.4000015258789, 120.06999969482422, 118.44000244140625, 115.23999786376953, 119.68000030517578, 116.94000244140625, 119.80999755859375, 117.44000244140625, 118.37000274658203, 117.5999984741211, 120.18000030517578, 117.91000366210938, 120.87999725341797, 118.33000183105469, 118.02999877929688, 117.16000366210938, 116.37999725341797, 115.73999786376953, 116.01000213623047, 117.91000366210938, 118.63999938964844, 117.94000244140625, 117.19000244140625, 116.87000274658203, 112.72000122070312, 118.66000366210938, 115.06999969482422, 116.9000015258789, 113.91000366210938, 117.25, 116.4000015258789, 117.08999633789062, 115.38999938964844, 120.04000091552734, 115.69999694824219, 118.33999633789062, 115.98999786376953, 119.87000274658203, 113.37999725341797, 119.16000366210938, 114.12999725341797, 116.94999694824219, 115.72000122070312, 112.69000244140625, 115.55999755859375, 116.1500015258789, 116.12000274658203, 118.1500015258789, 115.08000183105469, 114.98999786376953, 115.43000030517578, 111.5199966430664, 110.3499984741211, 106.55999755859375, 102.70999908447266, 101.01000213623047, 95.83000183105469, 94.41000366210938, 93.80000305175781, 88.41999816894531, 85.97000122070312, 83.62999725341797, 83.25, 70.19999694824219, 72.75, 62.540000915527344, 64.2300033569336, 59.93000030517578, 67.0999984741211, 53.20000076293945, 63.9900016784668, 48.599998474121094, 61.63999938964844, 51.88999938964844, 55.91999816894531, 48.779998779296875, 55.52000045776367, 48.16999816894531, 54.439998626708984, 43.529998779296875, 50.4900016784668, 41.54999923706055, 42.459999084472656, 42.040000915527344, 42.779998779296875, 44.08000183105469, 39.5, 41.150001525878906, 39.279998779296875, 42.380001068115234, 38.72999954223633, 39.88999938964844, 35.61000061035156, 37.63999938964844, 33.58000183105469, 34.08000183105469, 33.84000015258789, 36.65999984741211, 29.610000610351562, 33.86000061035156, 27.440000534057617, 32.58000183105469, 28.709999084472656, 31.510000228881836, 26.299999237060547, 29.190000534057617, 25.270000457763672, 28.09000015258789, 27.56999969482422], "true_rul": [125.0, 125.0, 125.0, 125.0, 125.0, 125.0, 125.0, 125.0, 125.0, 125.0, 125.0, 125.0, 125.0, 125.0, 125.0, 125.0, 125.0, 125.0, 125.0, 125.0, 125.0, 125.0, 125.0, 125.0, 125.0, 125.0, 125.0, 125.0, 125.0, 125.0, 125.0, 125.0, 125.0, 125.0, 125.0, 125.0, 125.0, 125.0, 125.0, 125.0, 125.0, 125.0, 125.0, 125.0, 125.0, 125.0, 125.0, 125.0, 125.0, 125.0, 125.0, 125.0, 125.0, 125.0, 125.0, 125.0, 125.0, 125.0, 125.0, 125.0, 125.0, 125.0, 125.0, 125.0, 125.0, 125.0, 125.0, 125.0, 125.0, 125.0, 125.0, 125.0, 125.0, 125.0, 125.0, 125.0, 125.0, 125.0, 125.0, 125.0, 125.0, 125.0, 125.0, 125.0, 125.0, 125.0, 125.0, 125.0, 125.0, 125.0, 125.0, 125.0, 125.0, 125.0, 125.0, 125.0, 125.0, 125.0, 125.0, 125.0, 125.0, 125.0, 125.0, 125.0, 125.0, 125.0, 125.0, 125.0, 125.0, 125.0, 125.0, 125.0, 125.0, 125.0, 125.0, 125.0, 125.0, 125.0, 125.0, 125.0, 125.0, 125.0, 125.0, 125.0, 125.0, 125.0, 125.0, 124.0, 123.0, 122.0, 121.0, 120.0, 119.0, 118.0, 117.0, 116.0, 115.0, 114.0, 113.0, 112.0, 111.0, 110.0, 109.0, 108.0, 107.0, 106.0, 105.0, 104.0, 103.0, 102.0, 101.0, 100.0, 99.0, 98.0, 97.0, 96.0, 95.0, 94.0, 93.0, 92.0, 91.0, 90.0, 89.0, 88.0, 87.0, 86.0, 85.0, 84.0, 83.0, 82.0, 81.0, 80.0, 79.0, 78.0, 77.0, 76.0, 75.0, 74.0, 73.0, 72.0, 71.0, 70.0, 69.0, 68.0, 67.0, 66.0, 65.0, 64.0, 63.0, 62.0, 61.0, 60.0, 59.0, 58.0, 57.0, 56.0, 55.0, 54.0, 53.0, 52.0, 51.0, 50.0, 49.0, 48.0, 47.0, 46.0, 45.0, 44.0, 43.0, 42.0, 41.0, 40.0, 39.0, 38.0, 37.0, 36.0, 35.0, 34.0, 33.0, 32.0, 31.0, 30.0, 29.0, 28.0, 27.0, 26.0, 25.0, 24.0, 23.0, 22.0], "true_end": 22.0,