{"unit": 81, "cycle": [1, 2, 3, 4, 5, 6, 7, 8, 9, 10, 11, 12, 13, 14, 15, 16, 17, 18, 19, 20, 21, 22, 23, 24, 25, 26, 27, 28, 29, 30, 31, 32, 33, 34, 35, 36, 37, 38, 39, 40, 41, 42, 43, 44, 45, 46, 47, 48, 49, 50, 51, 52, 53, 54, 55, 56, 57, 58, 59, 60, 61, 62, 63, 64, 65, 66, 67, 68, 69, 70, 71, 72, 73, 74, 75, 76, 77, 78, 79, 80, 81, 82, 83, 84, 85, 86, 87, 88, 89, 90, 91, 92, 93, 94, 95, 96, 97, 98, 99, 100, 101, 102, 103, 104, 105, 106, 107, 108, 109, 110, 111, 112, 113, 114, 115, 116, 117, 118, 119, 120, 121, 122, 123, 124, 125, 126, 127, 128, 129, 130, 131, 132, 133, 134, 135, 136, 137, 138, 139, 140, 141, 142, 143, 144, 145, 146, 147, 148, 149, 150, 151, 152, 153, 154, 155, 156, 157, 158, 159, 160, 161, 162, 163, 164, 165, 166, 167, 168, 169, 170, 171, 172, 173, 174, 175, 176, 177, 178, 179, 180, 181, 182, 183, 184, 185, 186, 187, 188, 189, 190, 191, 192, 193, 194, 195, 196, 197, 198, 199, 200, 201, 202, 203, 204, 205, 206, 207, 208, 209, 210, 211, 212, 213], "pred_rul": [135.22999572753906, 136.86000061035156, 138.08999633789062, 134.63999938964844, 133.64999389648438, 128.61000061035156, 128.1699981689453, 122.0, 122.19999694824219, 121.12000274658203, 127.5199966430664, 125.62999725341797, 121.5199966430664, 124.05999755859375, 118.37000274658203, 119.87000274658203, 120.8499984741211, 118.41000366210938, 120.55999755859375, 118.7300033569336, 120.44999694824219, 120.2300033569336, 119.41000366210938, 122.1500015258789, 120.66000366210938, 116.41999816894531, 118.33000183105469, 116.93000030517578, 124.51000213623047, 124.70999908447266, 126.4800033569336, 127.5199966430664, 125.19999694824219, 127.37999725341797, 120.1500015258789, 117.01000213623047, 122.48999786376953, 123.72000122070312, 129.6999969482422, 121.2699966430664, 122.04000091552734, 121.18000030517578, 116.69000244140625, 111.22000122070312, 111.37000274658203, 115.0, 116.81999969482422, 110.7300033569336, 117.23999786376953, 118.2300033569336, 123.87999725341797, 128.4199981689453, 123.61000061035156, 122.87000274658203, 119.83000183105469, 124.87999725341797, 126.51000213623047, 124.18000030517578, 124.0, 118.62999725341797, 121.16000366210938, 117.51000213623047, 105.55999755859375, 116.56999969482422, 115.98999786376953, 119.80000305175781, 121.58999633789062, 111.31999969482422, 116.68000030517578, 114.0999984741211, 117.80999755859375, 115.9800033569336, 113.19000244140625, 117.56999969482422, 122.68000030517578, 117.58999633789062, 115.08000183105469, 115.41999816894531, 119.55000305175781, 121.41000366210938, 123.02999877929688, 121.94999694824219, 123.48999786376953, 121.94999694824219, 122.79000091552734, 120.68000030517578, 122.4800033569336, 121.87999725341797, 118.45999908447266, 116.56999969482422, 122.1500015258789, 119.44999694824219, 124.29000091552734, 126.66000366210938, 121.69000244140625, 122.55000305175781, 113.37999725341797, 111.26000213623047, 112.61000061035156, 119.69999694824219, 118.01000213623047, 115.95999908447266, 119.33000183105469, 109.5199966430664, 107.33000183105469, 110.0999984741211, 113.05999755859375, 115.79000091552734, 116.30000305175781, 107.1500015258789, 99.19999694824219, 96.98999786376953, 103.01000213623047, 90.81999969482422, 101.13999938964844, 106.04000091552734, 100.9800033569336, 111.01000213623047, 96.75, 92.19999694824219, 93.05000305175781, 86.58999633789062, 87.5199966430664, 82.08000183105469, 77.63999938964844, 70.87000274658203, 77.4000015258789, 80.41999816894531, 84.0999984741211, 76.2300033569336, 73.9800033569336, 68.95999908447266, 70.2300033569336, 73.72000122070312, 71.41999816894531, 72.5, 70.45999908447266, 75.41999816894531, 68.37000274658203, 63.52000045776367, 57.52000045776367, 66.9800033569336, 73.58999633789062, 74.6500015258789, 69.51000213623047, 69.27999877929688, 61.25, 65.62999725341797, 68.25, 62.970001220703125, 65.0, 68.56999969482422, 69.70999908447266, 70.29000091552734, 57.18000030517578, 60.52000045776367, 58.849998474121094, 65.48999786376953, 73.12000274658203, 61.31999969482422, 62.279998779296875, 70.04000091552734, 73.22000122070312, 74.66000366210938, 61.66999816894531, 61.150001525878906, 62.2599983215332, 63.290000915527344, 63.27000045776367, 43.7400016784668, 36.709999084472656, 34.540000915527344, 29.760000228881836, 31.31999969482422, 28.850000381469727, 34.060001373291016, 32.810001373291016, 34.34000015258789, 34.61000061035156, 34.959999084472656, 37.16999816894531, 37.22999954223633, 32.130001068115234, 29.18000030517578, 29.809999465942383, 32.95000076293945, 36.38999938964844, 33.599998474121094, 31.860000610351562, 28.84000015258789, 28.559999465942383, 25.889999389648438, 24.829999923706055, 24.850000381469727, 23.450000762939453, 23.940000534057617, 20.65999984741211, 19.950000762939453, 20.309999465942383, 20.280000686645508, 21.1200008392334, 22.510000228881836, 17.90999984741211, 18.15999984741211, 15.010000228881836, 13.9399995803833, 14.9399995803833, 14.829999923706055, 13.100000381469727, 12.0, 10.720000267028809, 6.929999828338623, 5.460000038146973], "true_rul": [125.0, 125.0, 125.0, 125.0, 125.0, 125.0, 125.0, 125.0, 125.0, 125.0, 125.0, 125.0, 125.0, 125.0, 125.0, 125.0, 125.0, 125.0, 125.0, 125.0, 125.0, 125.0, 125.0, 125.0, 125.0, 125.0, 125.0, 125.0, 125.0, 125.0, 125.0, 125.0, 125.0, 125.0, 125.0, 125.0, 125.0, 125.0, 125.0, 125.0, 125.0, 125.0, 125.0, 125.0, 125.0, 125.0, 125.0, 125.0, 125.0, 125.0, 125.0, 125.0, 125.0, 125.0, 125.0, 125.0, 125.0, 125.0, 125.0, 125.0, 125.0, 125.0, 125.0, 125.0, 125.0, 125.0, 125.0, 125.0, 125.0, 125.0, 125.0, 125.0, 125.0, 125.0, 125.0, 125.0, 125.0, 125.0, 125.0, 125.0, 125.0, 125.0, 125.0, 125.0, 125.0, 125.0, 125.0, 125.0, 125.0, 125.0, 125.0, 125.0, 125.0, 125.0, 125.0, 125.0, 124.0, 123.0, 122.0, 121.0, 120.0, 119.0, 118.0, 117.0, 116.0, 115.0, 114.0, 113.0, 112.0, 111.0, 110.0, 109.0, 108.0, 107.0, 106.0, 105.0, 104.0, 103.0, 102.0, 101.0, 100.0, 99.0, 98.0, 97.0, 96.0, 95.0, 94.0, 93.0, 92.0, 91.0, 90.0, 89.0, 88.0, 87.0, 86.0, 85.0, 84.0, 83.0, 82.0, 81.0, 80.0, 79.0, 78.0, 77.0, 76.0, 75.0, 74.0, 73.0, 72.0, 71.0, 70.0, 69.0, 68.0, 67.0, 66.0, 65.0, 64.0, 63.0, 62.0, 61.0, 60.0, 59.0, 58.0, 57.0, 56.0, 55.0, 54.0, 53.0, 52.0, 51.0, 50.0, 49.0, 48.0, 47.0, 46.0, 45.0, 44.0, 43.0, 42.0, 41.0, 40.0, 39.0, 38.0, 37.0, 36.0, 35.0, 34.0, 33.0, 32.0, 31.0, 30.0, 29.0, 28.0, 27.0, 26.0, 25.0, 24.0, 23.0, 22.0, 21.0, 20.0, 19.0, 18.0, 17.0, 16.0, 15.0, 14.0, 13.0, 12.0, 11.0, 10.0, 9.0, 8.0], "true_end": 8.0,