{"unit": 232, "cycle": [1, 2, 3, 4, 5, 6, 7, 8, 9, 10, 11, 12, 13, 14, 15, 16, 17, 18, 19, 20, 21, 22, 23, 24, 25, 26, 27, 28, 29, 30, 31, 32, 33, 34, 35, 36, 37, 38, 39, 40, 41, 42, 43, 44, 45, 46, 47, 48, 49, 50, 51, 52, 53, 54, 55, 56, 57, 58, 59, 60, 61, 62, 63, 64, 65, 66, 67, 68, 69, 70, 71, 72, 73, 74, 75, 76, 77, 78, 79, 80, 81, 82, 83, 84, 85, 86, 87, 88, 89, 90, 91, 92, 93, 94, 95, 96, 97, 98, 99, 100, 101, 102, 103, 104, 105, 106, 107, 108, 109, 110, 111, 112, 113, 114, 115, 116, 117, 118, 119, 120, 121, 122, 123, 124, 125, 126, 127, 128, 129, 130, 131, 132, 133, 134, 135, 136, 137, 138, 139, 140, 141, 142, 143, 144, 145, 146, 147, 148, 149, 150, 151, 152, 153, 154, 155, 156, 157, 158, 159], "pred_rul": [102.73999786376953, 107.05999755859375, 111.43000030517578, 106.47000122070312, 102.16000366210938, 102.7699966430664, 104.04000091552734, 104.94000244140625, 103.36000061035156, 105.08000183105469, 106.26000213623047, 108.69999694824219, 105.05999755859375, 102.94000244140625, 103.94999694824219, 106.37000274658203, 106.47000122070312, 106.73999786376953, 107.70999908447266, 108.5999984741211, 103.33000183105469, 97.75, 98.0, 97.04000091552734, 98.19000244140625, 103.55999755859375, 102.18000030517578, 105.0199966430664, 106.04000091552734, 111.48999786376953, 115.87999725341797, 112.44999694824219, 113.66999816894531, 114.79000091552734, 117.76000213623047, 120.94000244140625, 120.30999755859375, 122.83999633789062, 120.58000183105469, 122.66000366210938, 121.79000091552734, 122.25, 119.86000061035156, 125.30999755859375, 126.58999633789062, 129.0500030517578, 129.1300048828125, 128.8699951171875, 124.62000274658203, 122.22000122070312, 125.05999755859375, 121.72000122070312, 123.27999877929688, 117.44000244140625, 115.11000061035156, 114.33000183105469, 115.04000091552734, 112.47000122070312, 120.48999786376953, 123.91999816894531, 119.18000030517578, 114.91999816894531, 116.5999984741211, 117.30000305175781, 119.55000305175781, 120.93000030517578, 122.69999694824219, 124.19999694824219, 122.44999694824219, 125.6500015258789, 119.52999877929688, 121.9000015258789, 120.33000183105469, 117.95999908447266, 117.19999694824219, 111.45999908447266, 119.19000244140625, 115.80999755859375, 114.88999938964844, 114.29000091552734, 113.16999816894531, 110.58999633789062, 112.55999755859375, 114.87999725341797, 118.98999786376953, 110.30999755859375, 116.18000030517578, 111.41999816894531, 108.52999877929688, 111.30000305175781, 111.91999816894531, 112.81999969482422, 106.98999786376953, 106.77999877929688, 109.77999877929688, 111.62000274658203, 109.16999816894531, 106.2699966430664, 104.04000091552734, 100.81999969482422, 101.45999908447266, 103.51000213623047, 106.23999786376953, 104.45999908447266, 109.41000366210938, 111.72000122070312, 113.23999786376953, 112.77999877929688, 112.12000274658203, 118.62000274658203, 119.0999984741211, 120.77999877929688, 118.69000244140625, 120.63999938964844, 116.75, 118.33000183105469, 118.0199966430664, 119.61000061035156, 118.30000305175781, 121.44000244140625, 122.9800033569336, 126.08999633789062, 129.8800048828125, 127.58999633789062, 124.08000183105469, 117.48999786376953, 116.8499984741211, 114.44999694824219, 114.83000183105469, 115.06999969482422, 114.43000030517578, 116.62999725341797, 114.44000244140625, 112.01000213623047, 107.68000030517578, 116.75, 110.36000061035156, 109.12999725341797, 106.9000015258789, 102.43000030517578, 106.47000122070312, 95.9000015258789, 92.08999633789062, 91.52999877929688, 87.87000274658203, 93.7300033569336, 91.08000183105469, 88.43000030517578, 89.4800033569336, 79.80999755859375, 84.51000213623047, 81.9800033569336, 80.45999908447266, 89.33000183105469, 86.93000030517578, 86.3499984741211, 79.91000366210938, 80.08000183105469, 75.56999969482422], "true_rul": [125.0, 125.0, 125.0, 125.0, 125.0, 125.0, 125.0, 125.0, 125.0, 125.0, 125.0, 125.0, 125.0, 125.0, 125.0, 125.0, 125.0, 125.0, 125.0, 125.0, 125.0, 125.0, 125.0, 125.0, 125.0, 125.0, 125.0, 125.0, 125.0, 125.0, 125.0, 125.0, 125.0, 125.0, 125.0, 125.0, 125.0, 125.0, 125.0, 125.0, 125.0, 125.0, 125.0, 125.0, 125.0, 125.0, 125.0, 125.0, 125.0, 125.0, 125.0, 125.0, 125.0, 125.0, 125.0, 125.0, 125.0, 125.0, 125.0, 125.0, 125.0, 125.0, 125.0, 125.0, 125.0, 125.0, 125.0, 125.0, 125.0, 125.0, 125.0, 125.0, 125.0, 125.0, 125.0, 125.0, 125.0, 125.0, 125.0, 125.0, 125.0, 125.0, 125.0, 125.0, 125.0, 125.0, 125.0, 125.0, 125.0, 125.0, 125.0, 125.0, 125.0, 125.0, 125.0, 125.0, 125.0, 125.0, 125.0, 125.0, 125.0, 125.0, 125.0, 125.0, 125.0, 125.0, 125.0, 125.0, 125.0, 125.0, 125.0, 125.0, 125.0, 125.0, 125.0, 125.0, 125.0, 125.0, 125.0, 125.0, 125.0, 125.0, 125.0, 125.0, 125.0, 125.0, 125.0, 125.0, 125.0, 125.0, 125.0, 125.0, 125.0, 125.0, 125.0, 124.0, 123.0, 122.0, 121.0, 120.0, 119.0, 118.0, 117.0, 116.0, 115.0, 114.0, 113.0, 112.0, 111.0, 110.0, 109.0, 108.0, 107.0, 106.0, 105.0, 104.0, 103.0, 102.0, 101.0], "true_end": 101.0, "sensors": {"s2": [536.79, 642.35, 555.55, 549.71, 549.52, 537.26, 549.24, 642.28, 549.57, 536.86, 607.45, 642.56, 604.92, 537.13, 536.99, 604.9, 607.67, 604.97, 536.53, 536.92, 643.66, 605.54, 604.89, 604.75, 555.99, 555.49, 536.8, 550.0, 604.59, 555.35, 536.77, 555.69, 537.15, 642.49, 555.74, 549.55, 555.53, 604.5, 642.81, 608.02, 604.93, 550.05, 642.86, 549.17, 607.36, 549.22, 555.82, 642.91, 607.91, 643.17, 536.27, 549.44, 549.79, 555.77, 607.72, 642.77, 604.71, 642.63, 537.11, 536.98, 605.13, 549.8, 549.86, 643.08, 555.49, 642.81, 536.85, 607.27, 605.22, 555.58, 555.47, 549.93, 604.56, 642.98, 536.94, 549.51, 607.76, 608.03, 549.44, 555.61, 536.97, 607.38, 607.6, 607.62, 607.43, 536.46, 550.0, 642.59, 549.68, 556.14, 549.53, 604.82, 536.78, 537.36, 642.25, 549.82, 642.89, 537.2, 608.06, 604.93, 549.59, 607.48, 555.92, 536.27, 549.58, 549.55, 642.98, 549.92, 607.86, 642.31, 537.39, 555.78, 605.28, 549.98, 642.41, 536.9, 607.45, 607.47, 549.39, 555.86, 555.59, 556.22, 536.6, 536.72, 604.86, 607.39, 556.0, 550.07, 643.27, 608.04, 642.66, 549.65, 604.76, 549.99, 549.77, 549.47, 536.88, 549.68, 642.97, 555.55, 605.41, 607.38, 607.29, 605.84, 550.02, 555.67, 604.97, 607.34, 549.99, 605.26, 550.38, 537.13, 642.86, 536.73, 605.18, 607.92, 556.19, 536.78, 555.96], "s3": [1275.46, 1595.11, 1362.62, 1348.54, 1354.21, 1264.23, 1350.53, 1596.39, 1349.24, 1257.4, 1485.34, 1594.02, 1499.07, 1258.52, 1259.19, 1501.66, 1482.01, 1500.99, 1262.84, 1266.58, 1587.47, 1496.59, 1497.07, 1502.38, 1369.93, 1364.53, 1264.08, 1353.78, 1496.84, 1365.03, 1261.89, 1358.23, 1262.77, 1587.13, 1367.49, 1359.02, 1362.12, 1500.37, 1591.59, 1480.4, 1508.23, 1350.9, 1578.25, 1346.17, 1483.1, 1352.72, 1369.16, 1593.97, 1483.5, 1588.25, 1268.45, 1353.99, 1353.08, 1365.07, 1490.08, 1593.44, 1500.87, 1591.6, 1255.86, 1263.4, 1501.34, 1354.95, 1347.22, 1588.14, 1367.77, 1586.68, 1265.65, 1482.61, 1498.68, 1371.5, 1371.8, 1354.06, 1504.53, 1585.55, 1263.58, 1354.64, 1476.81, 1491.22, 1356.73, 1368.73, 1261.63, 1490.66, 1480.33, 1484.96, 1491.02, 1261.62, 1353.81, 1594.01, 1348.1, 1368.69, 1354.95, 1495.93, 1255.27, 1260.31, 1594.99, 1355.45, 1596.63, 1260.24, 1488.39, 1501.58, 1348.66, 1480.59, 1364.55, 1260.25, 1353.83, 1356.39, 1592.92, 1352.15, 1481.18, 1596.1, 1260.93, 1362.52, 1505.12, 1361.48, 1598.18, 1255.74, 1490.64, 1483.58, 1351.96, 1363.21, 1368.57, 1364.5, 1267.55, 1263.95, 1503.39, 1489.99, 1366.61, 1355.42, 1583.65, 1486.26, 1596.29, 1348.15, 1503.3, 1360.07, 1357.75, 1355.13, 1268.12, 1356.26, 1599.45, 1372.27, 1504.79, 1481.23, 1481.96, 1500.0, 1357.91, 1374.84, 1508.03, 1490.36, 1358.98, 1505.05, 1357.85, 1266.18, 1591.02, 1268.55, 1501.67, 1488.61, 1372.56, 1273.73, 1375.47],