{"unit": 17, "cycle": [1, 2, 3, 4, 5, 6, 7, 8, 9, 10, 11, 12, 13, 14, 15, 16, 17, 18, 19, 20, 21, 22, 23, 24, 25, 26, 27, 28, 29, 30, 31, 32, 33, 34, 35, 36, 37, 38, 39, 40, 41, 42, 43, 44, 45, 46, 47, 48, 49, 50, 51, 52, 53, 54, 55, 56, 57, 58, 59, 60, 61, 62, 63, 64, 65, 66, 67, 68, 69, 70, 71, 72, 73, 74, 75, 76, 77, 78, 79, 80, 81, 82, 83, 84, 85, 86, 87, 88, 89, 90, 91, 92, 93, 94, 95, 96, 97, 98, 99, 100, 101, 102, 103, 104, 105, 106, 107, 108, 109, 110, 111, 112, 113, 114, 115, 116, 117, 118, 119, 120, 121, 122, 123, 124, 125, 126, 127, 128, 129, 130, 131, 132, 133, 134, 135, 136, 137, 138, 139, 140, 141, 142, 143, 144, 145, 146, 147, 148, 149, 150, 151, 152, 153, 154, 155, 156, 157, 158, 159, 160, 161, 162, 163, 164, 165], "pred_rul": [132.22999572753906, 136.47000122070312, 135.25, 134.35000610351562, 135.1300048828125, 129.5800018310547, 125.0, 126.30000305175781, 124.01000213623047, 114.2699966430664, 123.7300033569336, 117.4800033569336, 118.36000061035156, 118.3499984741211, 118.43000030517578, 117.23999786376953, 117.3499984741211, 118.66999816894531, 121.01000213623047, 118.94999694824219, 121.26000213623047, 121.37999725341797, 119.18000030517578, 122.45999908447266, 122.55000305175781, 124.08999633789062, 124.80999755859375, 124.04000091552734, 127.01000213623047, 125.9000015258789, 126.26000213623047, 124.66000366210938, 119.23999786376953, 124.63999938964844, 116.61000061035156, 113.8499984741211, 120.79000091552734, 120.9000015258789, 128.30999755859375, 125.73999786376953, 126.41999816894531, 128.94000244140625, 129.58999633789062, 132.4499969482422, 129.33999633789062, 129.4499969482422, 128.5800018310547, 130.6300048828125, 130.72999572753906, 128.25, 129.5500030517578, 123.43000030517578, 122.88999938964844, 124.58000183105469, 122.2699966430664, 126.38999938964844, 126.0199966430664, 126.12999725341797, 123.56999969482422, 119.6500015258789, 124.7300033569336, 124.33999633789062, 123.86000061035156, 124.94000244140625, 120.27999877929688, 125.01000213623047, 124.33000183105469, 124.87999725341797, 123.8499984741211, 123.26000213623047, 128.02999877929688, 125.62000274658203, 120.19999694824219, 122.02999877929688, 119.55999755859375, 115.80999755859375, 117.3499984741211, 115.27999877929688, 114.12999725341797, 113.3499984741211, 119.94999694824219, 112.12000274658203, 116.9800033569336, 115.77999877929688, 118.44999694824219, 120.62999725341797, 121.2699966430664, 122.58999633789062, 115.02999877929688, 119.44999694824219, 119.31999969482422, 120.51000213623047, 121.37999725341797, 117.66000366210938, 121.33000183105469, 120.08000183105469, 112.88999938964844, 113.11000061035156, 106.70999908447266, 102.02999877929688, 105.7300033569336, 94.56999969482422, 98.2699966430664, 97.30000305175781, 105.25, 103.05999755859375, 97.05999755859375, 102.37000274658203, 97.18000030517578, 97.62999725341797, 95.70999908447266, 92.43000030517578, 100.61000061035156, 96.26000213623047, 100.66999816894531, 95.97000122070312, 94.7300033569336, 96.80999755859375, 92.0999984741211, 90.20999908447266, 85.25, 78.33000183105469, 79.83000183105469, 78.38999938964844, 77.5999984741211, 71.51000213623047, 78.41000366210938, 76.41999816894531, 72.91999816894531, 74.43000030517578, 73.0, 70.73999786376953, 73.27999877929688, 72.93000030517578, 73.33999633789062, 77.91000366210938, 78.4800033569336, 86.11000061035156, 73.98999786376953, 80.44000244140625, 77.56999969482422, 81.94000244140625, 84.68000030517578, 76.12999725341797, 83.73999786376953, 80.01000213623047, 80.83999633789062, 85.7300033569336, 77.86000061035156, 75.13999938964844, 69.19000244140625, 61.88999938964844, 62.97999954223633, 56.790000915527344, 52.709999084472656, 51.970001220703125, 52.31999969482422, 46.65999984741211, 38.79999923706055, 44.459999084472656, 41.47999954223633, 43.369998931884766, 40.54999923706055, 42.0, 45.84000015258789], "true_rul": [125.0, 125.0, 125.0, 125.0, 125.0, 125.0, 125.0, 125.0, 125.0, 125.0, 125.0, 125.0, 125.0, 125.0, 125.0, 125.0, 125.0, 125.0, 125.0, 125.0, 125.0, 125.0, 125.0, 125.0, 125.0, 125.0, 125.0, 125.0, 125.0, 125.0, 125.0, 125.0, 125.0, 125.0, 125.0, 125.0, 125.0, 125.0, 125.0, 125.0, 125.0, 125.0, 125.0, 125.0, 125.0, 125.0, 125.0, 125.0, 125.0, 125.0, 125.0, 125.0, 125.0, 125.0, 125.0, 125.0, 125.0, 125.0, 125.0, 125.0, 125.0, 125.0, 125.0, 125.0, 125.0, 125.0, 125.0, 125.0, 125.0, 125.0, 125.0, 125.0, 125.0, 125.0, 125.0, 125.0, 125.0, 125.0, 125.0, 125.0, 125.0, 125.0, 125.0, 125.0, 125.0, 125.0, 125.0, 125.0, 125.0, 125.0, 124.0, 123.0, 122.0, 121.0, 120.0, 119.0, 118.0, 117.0, 116.0, 115.0, 114.0, 113.0, 112.0, 111.0, 110.0, 109.0, 108.0, 107.0, 106.0, 105.0, 104.0, 103.0, 102.0, 101.0, 100.0, 99.0, 98.0, 97.0, 96.0, 95.0, 94.0, 93.0, 92.0, 91.0, 90.0, 89.0, 88.0, 87.0, 86.0, 85.0, 84.0, 83.0, 82.0, 81.0, 80.0, 79.0, 78.0, 77.0, 76.0, 75.0, 74.0, 73.0, 72.0, 71.0, 70.0, 69.0, 68.0, 67.0, 66.0, 65.0, 64.0, 63.0, 62.0, 61.0, 60.0, 59.0, 58.0, 57.0, 56.0, 55.0, 54.0, 53.0, 52.0, 51.0, 50.0], "true_end": 50.0, "sensors": {"s2": [642.12, 642.48, 642.41, 641.87, 642.15, 642.12, 642.16, 642.23, 641.51, 642.32, 642.61, 641.92, 642.16, 642.13, 641.77, 642.26, 641.76, 641.97, 642.39, 642.07, 642.47, 642.05, 642.13, 642.15, 641.83, 642.05, 642.43, 641.57, 642.61, 642.53, 642.33, 642.63, 642.3, 642.01, 642.69, 642.02, 642.34, 641.89, 642.16, 642.16, 642.08, 642.36, 641.75, 642.01, 642.31, 642.09, 642.61, 641.97, 641.64, 642.69, 642.58, 642.41, 642.12, 642.07, 641.88, 642.0, 642.27, 641.46, 642.26, 642.42, 642.24, 642.43, 642.19, 642.43, 642.25, 642.43, 641.68, 641.74, 642.49, 642.0, 642.22, 641.91, 642.38, 642.54, 642.14, 642.37, 642.2, 642.15, 641.99, 642.16, 642.33, 642.34, 642.48, 642.18, 641.99, 642.26, 642.3, 642.63, 642.46, 642.14, 642.59, 641.97, 641.98, 642.63, 642.56, 642.45, 642.17, 642.67, 642.43, 642.49, 642.62, 642.5, 642.17, 642.44, 641.69, 642.63, 642.17, 642.53, 642.3, 642.36, 642.57, 642.19, 642.11, 642.55, 642.0, 642.92, 641.89, 642.26, 642.64, 642.37, 642.22, 642.26, 642.88, 642.18, 642.53, 642.45, 642.49, 642.13, 642.04, 642.5, 642.7, 642.53, 642.95, 641.88, 642.63, 642.25, 642.54, 642.1, 643.08, 642.2, 642.78, 642.52, 642.3, 642.68, 642.0, 642.23, 642.52, 642.88, 642.91, 643.08, 642.7, 643.17, 642.37, 642.76, 643.29, 642.13, 642.65, 642.64, 642.96, 642.76, 642.86, 643.11, 642.85, 642.39, 642.9], "s3": [1585.15, 1582.18, 1593.29, 1588.87, 1582.09, 1595.48, 1584.09, 1586.41, 1585.27, 1588.18, 1586.84, 1588.24, 1591.08, 1579.17, 1582.91, 1580.02, 1585.61, 1582.79, 1579.93, 1583.2, 1588.62, 1590.83, 1584.67, 1582.7, 1588.54, 1581.12, 1583.06, 1582.54, 1589.61, 1576.58, 1582.17, 1584.13, 1589.56, 1586.79, 1592.68, 1589.69, 1579.04, 1588.4, 1588.04, 1585.36, 1584.17, 1591.33, 1579.33, 1583.23, 1576.38, 1588.84, 1589.71, 1583.03, 1583.99, 1584.5, 1591.13, 1590.9, 1585.33, 1580.58, 1585.63, 1586.41, 1583.99, 1586.28, 1583.13, 1583.73, 1592.65, 1585.05, 1583.1, 1581.72, 1585.67, 1582.14, 1591.29, 1591.75, 1589.21, 1587.43, 1589.57, 1587.65, 1594.81, 1577.14, 1583.44, 1585.24, 1584.53, 1586.7, 1585.33, 1588.89, 1581.79, 1585.07, 1588.78, 1587.07, 1578.17, 1590.69, 1585.39, 1585.54, 1578.26, 1589.25, 1578.91, 1595.3, 1590.45, 1584.7, 1586.06, 1588.18, 1592.78, 1584.74, 1579.1, 1590.31, 1584.91, 1581.17, 1593.57, 1583.62, 1587.1, 1588.4, 1589.83, 1587.7, 1591.91, 1590.88, 1587.28, 1598.81, 1590.77, 1590.09, 1589.05, 1588.88, 1588.6, 1589.66, 1587.42, 1588.24, 1589.25, 1587.78, 1586.68, 1584.06, 1591.0, 1591.09, 1585.25, 1587.48, 1594.77, 1587.87, 1592.25, 1586.8, 1595.75, 1590.05, 1586.58, 1594.38, 1589.47, 1590.0, 1589.45, 1585.03, 1583.84, 1589.63, 1585.18, 1592.02, 1589.36, 1589.52, 1588.59, 1592.37, 1585.55, 1586.52, 1596.03, 1594.04, 1590.98, 1587.99, 1586.45, 1588.48, 1597.29, 1597.1, 1589.46, 1588.14, 1591.48, 1596.46, 1593.35, 1583.13, 1599.17],