{"unit": 73, "cycle": [1, 2, 3, 4, 5, 6, 7, 8, 9, 10, 11, 12, 13, 14, 15, 16, 17, 18, 19, 20, 21, 22, 23, 24, 25, 26, 27, 28, 29, 30, 31, 32, 33, 34, 35, 36, 37, 38, 39, 40, 41, 42, 43, 44, 45, 46, 47, 48, 49, 50, 51, 52, 53, 54, 55, 56, 57, 58, 59, 60, 61, 62, 63, 64, 65, 66, 67, 68, 69, 70, 71, 72, 73, 74, 75, 76, 77, 78, 79, 80, 81, 82, 83, 84, 85, 86, 87, 88, 89, 90, 91, 92, 93, 94, 95, 96, 97, 98, 99, 100, 101, 102, 103, 104, 105, 106, 107, 108, 109, 110, 111, 112], "pred_rul": [139.7100067138672, 138.86000061035156, 137.5, 133.88999938964844, 124.38999938964844, 118.81999969482422, 121.2300033569336, 122.55000305175781, 127.83999633789062, 128.44000244140625, 126.97000122070312, 122.94999694824219, 118.08000183105469, 118.63999938964844, 118.5999984741211, 117.55000305175781, 121.12999725341797, 118.38999938964844, 121.33000183105469, 122.33999633789062, 120.86000061035156, 121.69000244140625, 121.95999908447266, 123.87000274658203, 123.63999938964844, 123.72000122070312, 122.19999694824219, 120.94000244140625, 121.5, 126.0, 123.33000183105469, 128.13999938964844, 125.68000030517578, 126.55000305175781, 128.85000610351562, 125.30999755859375, 127.69999694824219, 127.43000030517578, 125.0199966430664, 124.98999786376953, 125.91999816894531, 125.37000274658203, 128.88999938964844, 130.8300018310547, 130.75, 129.24000549316406, 132.64999389648438, 128.89999389648438, 131.97999572753906, 132.1699981689453, 129.66000366210938, 130.6199951171875, 130.4600067138672, 124.80999755859375, 129.8699951171875, 131.52000427246094, 129.64999389648438, 122.2699966430664, 122.44999694824219, 120.75, 122.18000030517578, 121.70999908447266, 122.83000183105469, 125.4000015258789, 129.32000732421875, 131.4600067138672, 128.02000427246094, 122.72000122070312, 122.9800033569336, 114.58999633789062, 121.0, 122.62000274658203, 127.36000061035156, 129.4499969482422, 124.54000091552734, 127.87999725341797, 126.87999725341797, 120.08999633789062, 126.45999908447266, 113.08999633789062, 114.5999984741211, 107.23999786376953, 106.63999938964844, 109.83999633789062, 115.79000091552734, 116.80999755859375, 114.0199966430664, 116.93000030517578, 115.5, 114.16000366210938, 119.51000213623047, 122.83999633789062, 123.95999908447266, 121.72000122070312, 121.7300033569336, 111.56999969482422, 105.5199966430664, 101.38999938964844, 101.19000244140625, 103.55000305175781, 109.7699966430664, 104.88999938964844, 117.31999969482422, 115.25, 115.16000366210938, 122.83999633789062, 122.30000305175781, 118.05999755859375, 111.73999786376953, 104.87999725341797, 106.6500015258789, 106.2699966430664], "true_rul": [125.0, 125.0, 125.0, 125.0, 125.0, 125.0, 125.0, 125.0, 125.0, 125.0, 125.0, 125.0, 125.0, 125.0, 125.0, 125.0, 125.0, 125.0, 125.0, 125.0, 125.0, 125.0, 125.0, 125.0, 125.0, 125.0, 125.0, 125.0, 125.0, 125.0, 125.0, 125.0, 125.0, 125.0, 125.0, 125.0, 125.0, 125.0, 125.0, 125.0, 125.0, 125.0, 125.0, 125.0, 125.0, 125.0, 125.0, 125.0, 125.0, 125.0, 125.0, 125.0, 125.0, 125.0, 125.0, 125.0, 125.0, 125.0, 125.0, 125.0, 125.0, 125.0, 125.0, 125.0, 125.0, 125.0, 125.0, 125.0, 125.0, 125.0, 125.0, 125.0, 125.0, 125.0, 125.0, 125.0, 125.0, 125.0, 125.0, 125.0, 125.0, 125.0, 125.0, 125.0, 125.0, 125.0, 125.0, 125.0, 125.0, 125.0, 125.0, 125.0, 125.0, 125.0, 125.0, 125.0, 125.0, 125.0, 125.0, 125.0, 125.0, 125.0, 125.0, 125.0, 125.0, 125.0, 125.0, 125.0, 125.0, 125.0, 125.0, 125.0], "true_end": 125.0, "sensors": {"s2": [641.82, 641.89, 641.97, 642.33, 642.28, 641.97, 642.01, 641.96, 641.83, 641.6, 642.65, 642.68, 642.26, 642.7, 642.04, 641.81, 642.03, 642.36, 642.11, 642.39, 642.45, 641.78, 642.02, 642.18, 642.14, 641.34, 642.31, 642.61, 642.31, 642.02, 642.09, 642.09, 642.36, 642.43, 641.58, 642.2, 642.29, 642.31, 641.94, 642.69, 642.09, 642.22, 641.99, 642.34, 642.34, 642.58, 641.79, 642.32, 642.19, 642.24, 641.95, 642.08, 642.31, 641.83, 642.67, 641.69, 642.45, 641.99, 642.11, 642.18, 642.4, 641.92, 642.59, 642.82, 641.91, 642.14, 642.58, 642.6, 642.17, 642.8, 642.09, 642.41, 642.37, 642.34, 642.15, 641.82, 642.04, 642.19, 641.8, 642.59, 642.54, 642.85, 641.91, 642.39, 641.85, 642.27, 641.94, 642.19, 642.43, 642.57, 642.96, 641.64, 642.33, 642.6, 642.15, 642.87, 642.36, 642.39, 642.47, 642.42, 642.35, 642.26, 641.96, 642.3, 642.44, 641.79, 642.31, 642.52, 642.02, 642.83, 642.14, 642.27], "s3": [1581.48, 1585.16, 1587.61, 1589.61, 1588.31, 1588.0, 1589.01, 1580.84, 1585.16, 1585.36, 1584.57, 1582.99, 1588.29, 1577.28, 1586.91, 1588.23, 1586.38, 1588.44, 1589.57, 1578.06, 1586.38, 1588.07, 1585.69, 1580.43, 1583.96, 1586.75, 1590.98, 1581.56, 1579.04, 1579.53, 1584.5, 1580.01, 1587.61, 1583.13, 1581.01, 1585.99, 1584.27, 1581.61, 1586.26, 1588.08, 1583.25, 1581.64, 1581.3, 1581.49, 1584.72, 1585.11, 1590.03, 1588.59, 1582.47, 1582.47, 1586.07, 1593.52, 1586.14, 1577.95, 1582.28, 1582.57, 1585.94, 1588.54, 1580.09, 1580.59, 1586.66, 1582.81, 1579.08, 1590.72, 1577.84, 1583.69, 1588.19, 1581.68, 1585.52, 1583.79, 1579.82, 1584.9, 1579.5, 1581.69, 1585.98, 1583.6, 1590.64, 1587.97, 1588.86, 1586.29, 1582.8, 1583.08, 1586.32, 1587.27, 1584.48, 1582.4, 1584.69, 1589.24, 1588.46, 1578.41, 1578.02, 1591.17, 1582.7, 1585.41, 1589.57, 1582.72, 1579.45, 1592.11, 1594.4, 1582.5, 1584.77, 1582.56, 1586.35, 1594.3, 1589.85, 1575.71, 1579.52, 1582.65, 1588.41, 1588.22, 1583.31, 1576.93], "s4": [1398.75, 1397.45, 1390.54, 1396.03, 1393.84, 1397.01, 1393.54, 1393.75, 1405.94, 1405.89, 1403.97, 1402.96, 1399.18, 1402.86, 1395.47, 1403.87, 1392.64, 1400.83, 1397.11, 1400.43, 1394.82, 1392.09, 1400.72, 1398.23, 1399.16, 1400.38, 1399.4, 1400.36, 1395.59, 1395.57, 1398.49, 1401.71, 1400.99, 1398.12, 1397.07, 1393.69, 1397.23, 1400.49, 1398.86, 1401.89, 1401.82, 1397.87, 1399.47, 1393.68, 1402.98, 1394.16, 1397.8, 1399.0, 1393.71, 1399.19, 1385.21, 1403.2, 1401.39, 1398.37, 1399.62, 1404.13, 1397.62, 1399.05, 1401.61, 1401.05, 1396.44, 1402.25, 1394.65, 1394.58, 1398.41, 1395.97, 1401.77, 1399.72, 1405.55, 1397.18, 1404.25, 1401.75, 1394.08, 1408.78, 1403.09, 1405.44, 1397.33, 1399.71, 1405.48, 1408.28, 1400.85, 1405.29, 1399.96, 1399.15, 1402.7, 1403.96, 1399.63, 1404.91, 1400.67, 1401.05, 1397.61, 1396.43, 1401.51, 1400.11, 1400.53, 1405.41, 1406.62, 1401.51, 1405.98, 1401.43, 1404.11, 1404.99, 1400.55, 1402.28, 1400.64, 1394.01, 1406.08, 1409.56, 1400.38, 1405.15, 1399.33, 1398.62], "s11": [47.24, 47.23, 47.08, 47.14, 47.22, 46.97, 47.19, 47.44, 47.24, 47.23, 47.29, 47.04, 47.28, 47.25, 47.22, 47.31, 47.27, 47.17, 47.2, 47.09, 47.17, 47.23, 47.35, 47.26, 47.38, 47.0, 47.2, 47.44, 47.26, 47.2, 47.35, 47.34, 47.21, 47.19, 47.25, 47.49, 47.05, 47.22, 47.1, 47.4, 47.26, 47.2, 47.37, 47.15, 47.14, 47.34, 47.36, 47.21, 47.23, 47.29, 47.3, 47.2, 47.16, 47.35, 47.11, 47.34, 47.13, 47.1, 47.3, 47.28, 47.39, 47.24, 47.03, 47.32, 47.21, 47.16, 47.09, 47.21, 47.13, 47.21, 47.15, 47.06, 47.21, 47.27, 47.3, 47.31, 47.32, 47.33, 47.35, 47.47, 47.32, 47.43, 47.36, 47.16, 47.3, 47.37, 47.32, 47.29, 47.28, 47.27, 47.23, 47.14, 47.38, 47.4, 47.32, 47.43, 47.2, 47.41, 47.18, 47.2, 47.33, 47.33, 47.32, 47.3, 47.31, 47.4, 47.32, 47.23, 47.43, 47.54, 47.33, 47.25]}}