{"unit": 141, "cycle": [1, 2, 3, 4, 5, 6, 7, 8, 9, 10, 11, 12, 13, 14, 15, 16, 17, 18, 19], "pred_rul": [75.54000091552734, 74.47000122070312, 76.04000091552734, 74.08999633789062, 74.7699966430664, 79.33000183105469, 82.56999969482422, 86.98999786376953, 84.37999725341797, 93.58999633789062, 88.7699966430664, 94.88999938964844, 94.16999816894531, 100.36000061035156, 102.83000183105469, 103.68000030517578, 102.55999755859375, 107.23999786376953, 108.13999938964844], "true_rul": [125.0, 125.0, 125.0, 125.0, 125.0, 125.0, 125.0, 125.0, 125.0, 125.0, 125.0, 125.0, 125.0, 125.0, 125.0, 125.0, 125.0, 125.0, 125.0], "true_end": 125.0, "sensors": {"s2": [549.74, 536.7, 536.65, 555.73, 536.5, 604.94, 536.07, 607.23, 537.25, 604.22, 555.81, 604.43, 607.36, 605.31, 607.14, 642.41, 549.7, 604.68, 605.08], "s3": [1350.5, 1260.94, 1250.73, 1368.0, 1255.58, 1501.06, 1261.58, 1479.05, 1268.0, 1497.89, 1366.88, 1501.98, 1475.76, 1496.39, 1476.62, 1585.8, 1351.6, 1497.2, 1499.92], "s4": [1118.31, 1052.72, 1052.53, 1130.57, 1052.54, 1300.52, 1040.25, 1237.31, 1043.23, 1302.34, 1125.36, 1309.62, 1242.21, 1307.19, 1243.11, 1405.69, 1122.4, 1299.24, 1304.66], "s11": [41.82, 36.42, 36.73, 41.64, 36.53, 45.29, 36.75, 44.13, 36.59, 45.08, 41.81, 45.18, 44.23, 45.12, 44.25, 47.2, 41.97, 45.42, 45.1]}}