{"unit": 49, "cycle": [1, 2, 3, 4, 5, 6, 7, 8, 9, 10, 11, 12, 13, 14, 15, 16, 17, 18, 19, 20, 21, 22, 23, 24, 25, 26, 27, 28, 29, 30, 31, 32, 33, 34, 35, 36, 37, 38, 39, 40, 41, 42, 43, 44, 45, 46, 47, 48, 49, 50, 51, 52, 53, 54, 55, 56, 57, 58, 59, 60, 61, 62, 63, 64, 65, 66, 67, 68, 69, 70, 71, 72, 73, 74, 75, 76, 77, 78, 79, 80, 81, 82, 83, 84, 85, 86, 87, 88, 89, 90, 91, 92, 93, 94, 95, 96, 97, 98, 99, 100, 101, 102, 103, 104, 105, 106, 107, 108, 109, 110, 111, 112, 113, 114, 115, 116, 117, 118, 119, 120, 121, 122, 123, 124, 125, 126, 127, 128, 129, 130, 131, 132, 133, 134, 135, 136, 137, 138, 139, 140, 141, 142, 143, 144, 145, 146, 147, 148, 149, 150, 151, 152, 153, 154, 155, 156, 157, 158, 159, 160, 161, 162, 163, 164, 165, 166, 167, 168, 169, 170, 171, 172, 173, 174, 175, 176, 177, 178, 179, 180, 181, 182, 183, 184, 185, 186, 187, 188, 189, 190, 191, 192, 193, 194, 195, 196, 197, 198, 199, 200, 201, 202, 203, 204, 205, 206, 207, 208, 209, 210, 211], "pred_rul": [125.4000015258789, 125.95999908447266, 125.87000274658203, 125.41999816894531, 124.66999816894531, 124.55000305175781, 124.4800033569336, 122.80999755859375, 122.08999633789062, 122.37000274658203, 121.8499984741211, 121.87999725341797, 122.56999969482422, 122.91999816894531, 123.5199966430664, 123.12000274658203, 125.31999969482422, 126.16999816894531, 123.54000091552734, 123.83000183105469, 122.16000366210938, 124.18000030517578, 124.29000091552734, 122.97000122070312, 120.91999816894531, 120.66000366210938, 122.91999816894531, 123.44000244140625, 122.41999816894531, 119.58999633789062, 118.1500015258789, 123.37000274658203, 123.33999633789062, 123.27999877929688, 121.72000122070312, 122.58999633789062, 122.79000091552734, 123.36000061035156, 122.7699966430664, 121.93000030517578, 119.83999633789062, 117.62000274658203, 121.81999969482422, 124.66999816894531, 124.44000244140625, 125.08000183105469, 123.31999969482422, 124.9000015258789, 124.66999816894531, 122.5, 122.48999786376953, 120.4800033569336, 125.16000366210938, 124.66000366210938, 124.7699966430664, 123.52999877929688, 122.20999908447266, 125.05000305175781, 124.76000213623047, 125.43000030517578, 125.13999938964844, 124.79000091552734, 125.43000030517578, 124.55999755859375, 124.80999755859375, 124.41999816894531, 123.63999938964844, 125.54000091552734, 125.80999755859375, 125.6500015258789, 125.9800033569336, 125.52999877929688, 125.83999633789062, 126.44000244140625, 123.5199966430664, 124.48999786376953, 126.3499984741211, 125.86000061035156, 126.13999938964844, 125.41000366210938, 126.1500015258789, 125.88999938964844, 125.94000244140625, 126.37999725341797, 125.4800033569336, 126.47000122070312, 126.52999877929688, 126.2699966430664, 126.06999969482422, 125.83999633789062, 126.52999877929688, 126.41999816894531, 125.94000244140625, 126.33000183105469, 126.16999816894531, 110.63999938964844, 123.91000366210938, 126.08000183105469, 124.95999908447266, 125.52999877929688, 117.48999786376953, 123.58999633789062, 120.83999633789062, 116.12000274658203, 116.58999633789062, 113.12999725341797, 116.04000091552734, 122.08000183105469, 122.37000274658203, 124.79000091552734, 122.51000213623047, 123.08000183105469, 125.97000122070312, 126.19000244140625, 126.44999694824219, 126.23999786376953, 126.4800033569336, 125.80000305175781, 126.9800033569336, 125.58000183105469, 125.52999877929688, 124.16000366210938, 125.1500015258789, 124.66000366210938, 122.12000274658203, 118.13999938964844, 124.79000091552734, 126.80000305175781, 126.79000091552734, 126.38999938964844, 125.81999969482422, 125.7699966430664, 127.2699966430664, 124.37999725341797, 125.56999969482422, 124.62999725341797, 118.54000091552734, 119.91000366210938, 112.77999877929688, 124.7300033569336, 126.55999755859375, 124.8499984741211, 125.72000122070312, 115.77999877929688, 121.73999786376953, 125.70999908447266, 124.4000015258789, 124.9800033569336, 116.48999786376953, 117.20999908447266, 125.48999786376953, 121.55000305175781, 123.5999984741211, 110.2699966430664, 109.05999755859375, 122.12999725341797, 118.02999877929688, 119.05999755859375, 112.81999969482422, 110.94000244140625, 123.4000015258789, 100.5, 107.05999755859375, 108.72000122070312, 108.56999969482422, 116.87999725341797, 104.23999786376953, 121.20999908447266, 104.7699966430664, 124.83000183105469, 119.88999938964844, 123.38999938964844, 109.94000244140625, 118.68000030517578, 123.41999816894531, 127.19999694824219, 128.60000610351562, 126.63999938964844, 125.2699966430664, 126.7300033569336, 127.5, 126.62000274658203, 127.37000274658203, 127.0199966430664, 126.4800033569336, 127.56999969482422, 128.3300018310547, 127.58999633789062, 126.6500015258789, 125.70999908447266, 127.44000244140625, 126.04000091552734, 127.79000091552734, 127.41999816894531, 127.0199966430664, 127.9800033569336, 128.44000244140625, 128.05999755859375, 126.19999694824219, 126.33000183105469, 126.47000122070312, 127.72000122070312, 127.61000061035156, 126.86000061035156, 125.94000244140625, 126.51000213623047, 125.43000030517578, 121.91000366210938, 123.55000305175781, 125.30999755859375, 124.26000213623047], "true_rul": [125.0, 125.0, 125.0, 125.0, 125.0, 125.0, 125.0, 125.0, 125.0, 125.0, 125.0, 125.0, 125.0, 125.0, 125.0, 125.0, 125.0, 125.0, 125.0, 125.0, 125.0, 125.0, 125.0, 125.0, 125.0, 125.0, 125.0, 125.0, 125.0, 125.0, 125.0, 125.0, 125.0, 125.0, 125.0, 125.0, 125.0, 125.0, 125.0, 125.0, 125.0, 125.0, 125.0, 125.0, 125.0, 125.0, 125.0, 125.0, 125.0, 125.0, 125.0, 125.0, 125.0, 125.0, 125.0, 125.0, 125.0, 125.0, 125.0, 125.0, 125.0, 125.0, 125.0, 125.0, 125.0, 125.0, 125.0, 125.0, 125.0, 125.0, 125.0, 125.0, 125.0, 125.0, 125.0, 125.0, 125.0, 125.0, 125.0, 125.0, 125.0, 125.0, 125.0, 125.0, 125.0, 125.0, 125.0, 125.0, 125.0, 125.0, 125.0, 125.0, 125.0, 125.0, 125.0, 125.0, 125.0, 125.0, 125.0, 125.0, 125.0, 125.0, 125.0, 125.0, 125.0, 125.0, 125.0, 125.0, 125.0, 125.0, 125.0, 125.0, 125.0, 125.0, 125.0, 125.0, 125.0, 125.0, 125.0, 125.0, 125.0, 125.0, 125.0, 125.0, 125.0, 125.0, 125.0, 125.0, 125.0, 125.0, 125.0, 125.0, 125.0, 125.0, 125.0, 125.0, 125.0, 125.0, 125.0, 125.0, 125.0, 125.0, 125.0, 125.0, 125.0, 125.0, 125.0, 125.0, 125.0, 125.0, 125.0, 125.0, 125.0, 125.0, 125.0, 125.0, 125.0, 125.0, 125.0, 125.0, 125.0, 125.0, 125.0, 125.0, 125.0, 125.0, 125.0, 125.0, 125.0, 125.0, 125.0, 125.0, 125.0, 125.0, 125.0, 125.0, 125.0, 125.0, 125.0, 125.0, 125.0, 125.0, 125.0, 125.0, 125.0, 125.0, 125.0, 125.0, 125.0, 125.0, 125.0, 125.0, 125.0, 125.0, 125.0, 125.0, 125.0, 125.0, 125.0, 125.0, 125.0, 125.0, 125.0, 125.0, 125.0, 125.0, 125.0, 125.0, 125.0, 125.0, 125.0], "true_end": 125.0,