{"unit": 1, "cycle": [1, 2, 3, 4, 5, 6, 7, 8, 9, 10, 11, 12, 13, 14, 15, 16, 17, 18, 19, 20, 21, 22, 23, 24, 25, 26, 27, 28, 29, 30, 31, 32, 33, 34, 35, 36, 37, 38, 39, 40, 41, 42, 43, 44, 45, 46, 47, 48, 49, 50, 51, 52, 53, 54, 55, 56, 57, 58, 59, 60, 61, 62, 63, 64, 65, 66, 67, 68, 69, 70, 71, 72, 73, 74, 75, 76, 77, 78, 79, 80, 81, 82, 83, 84, 85, 86, 87, 88, 89, 90, 91, 92, 93, 94, 95, 96, 97, 98, 99, 100, 101, 102, 103, 104, 105, 106, 107, 108, 109, 110, 111, 112, 113, 114, 115, 116, 117, 118, 119, 120, 121, 122, 123, 124, 125, 126, 127, 128, 129, 130, 131, 132, 133, 134, 135, 136, 137, 138, 139, 140, 141, 142, 143, 144, 145, 146, 147, 148, 149, 150, 151, 152, 153, 154, 155, 156, 157, 158, 159, 160, 161, 162, 163, 164, 165, 166, 167, 168, 169, 170, 171, 172, 173, 174, 175, 176, 177, 178, 179, 180, 181, 182, 183, 184, 185, 186, 187, 188, 189, 190, 191, 192, 193, 194, 195, 196, 197, 198, 199, 200, 201, 202, 203, 204, 205, 206, 207, 208, 209, 210, 211, 212, 213, 214, 215, 216, 217, 218, 219, 220, 221, 222, 223, 224, 225, 226, 227, 228, 229, 230, 231, 232, 233, 234, 235, 236, 237, 238, 239, 240, 241, 242, 243, 244, 245, 246, 247, 248, 249, 250, 251, 252, 253, 254, 255, 256, 257, 258], "pred_rul": [126.56999969482422, 128.25999450683594, 125.43000030517578, 113.93000030517578, 116.12000274658203, 105.68000030517578, 105.01000213623047, 101.08999633789062, 95.33000183105469, 84.72000122070312, 81.9000015258789, 78.62000274658203, 75.20999908447266, 78.18000030517578, 74.94999694824219, 83.86000061035156, 84.29000091552734, 85.20999908447266, 84.08000183105469, 82.47000122070312, 83.19000244140625, 86.91999816894531, 83.45999908447266, 80.29000091552734, 76.88999938964844, 76.0199966430664, 78.51000213623047, 80.12999725341797, 77.48999786376953, 75.5999984741211, 77.26000213623047, 78.31999969482422, 82.56999969482422, 90.1500015258789, 97.16000366210938, 97.43000030517578, 94.33999633789062, 98.30000305175781, 97.76000213623047, 98.06999969482422, 99.66999816894531, 102.20999908447266, 104.97000122070312, 107.5999984741211, 109.13999938964844, 112.2699966430664, 104.95999908447266, 108.30999755859375, 112.41999816894531, 111.55999755859375, 114.75, 115.47000122070312, 118.51000213623047, 116.79000091552734, 114.16999816894531, 113.30000305175781, 109.48999786376953, 113.51000213623047, 115.55999755859375, 110.56999969482422, 104.11000061035156, 100.95999908447266, 110.12999725341797, 113.97000122070312, 113.11000061035156, 114.43000030517578, 115.38999938964844, 115.44000244140625, 117.45999908447266, 120.33000183105469, 117.08000183105469, 120.13999938964844, 118.2699966430664, 120.08000183105469, 123.80999755859375, 117.7300033569336, 116.13999938964844, 115.80000305175781, 116.48999786376953, 121.23999786376953, 117.08999633789062, 119.31999969482422, 117.3499984741211, 116.91999816894531, 114.38999938964844, 109.13999938964844, 111.66000366210938, 111.36000061035156, 109.75, 110.33999633789062, 110.48999786376953, 115.87999725341797, 111.25, 112.2699966430664, 109.19000244140625, 113.73999786376953, 107.22000122070312, 103.61000061035156, 102.55000305175781, 102.58999633789062, 109.66000366210938, 113.5199966430664, 110.52999877929688, 111.33999633789062, 112.30000305175781, 108.83000183105469, 110.91000366210938, 110.22000122070312, 107.69000244140625, 106.86000061035156, 109.5999984741211, 107.98999786376953, 106.83000183105469, 107.7699966430664, 112.9800033569336, 114.68000030517578, 113.31999969482422, 111.02999877929688, 105.54000091552734, 111.51000213623047, 111.66999816894531, 112.1500015258789, 108.58000183105469, 109.55000305175781, 111.62999725341797, 108.87000274658203, 110.56999969482422, 111.51000213623047, 111.54000091552734, 111.29000091552734, 114.83000183105469, 112.68000030517578, 110.38999938964844, 109.05999755859375, 114.8499984741211, 122.37000274658203, 117.23999786376953, 110.95999908447266, 110.75, 104.72000122070312, 110.37000274658203, 107.12000274658203, 105.62999725341797, 110.19999694824219, 104.87999725341797, 108.37000274658203, 106.38999938964844, 101.22000122070312, 97.87999725341797, 90.43000030517578, 92.5, 93.47000122070312, 97.4800033569336, 94.7300033569336, 94.76000213623047, 95.2300033569336, 88.87999725341797, 91.44000244140625, 87.58000183105469, 78.06999969482422, 85.66999816894531, 78.80999755859375, 77.69999694824219, 69.88999938964844, 69.44999694824219, 71.25, 71.19999694824219, 82.20999908447266, 87.62999725341797, 91.80000305175781, 94.0, 90.02999877929688, 102.86000061035156, 99.55000305175781, 96.19000244140625, 97.68000030517578, 94.41999816894531, 101.63999938964844, 99.58000183105469, 101.2699966430664, 102.73999786376953, 104.16000366210938, 107.48999786376953, 108.41000366210938, 102.66000366210938, 105.62999725341797, 106.01000213623047, 107.87999725341797, 107.97000122070312, 100.69000244140625, 107.73999786376953, 104.2699966430664, 103.76000213623047, 97.06999969482422, 90.56999969482422, 91.41999816894531, 85.95999908447266, 90.22000122070312, 80.87999725341797, 75.41999816894531, 70.06999969482422, 73.95999908447266, 75.04000091552734, 72.01000213623047, 70.56999969482422, 65.61000061035156, 62.83000183105469, 62.79999923706055, 63.75, 62.4900016784668, 59.099998474121094, 57.34000015258789, 52.119998931884766, 48.81999969482422, 45.18000030517578, 42.11000061035156, 47.27000045776367, 43.29999923706055, 41.04999923706055, 43.2599983215332, 43.060001373291016, 42.630001068115234, 43.02000045776367, 39.45000076293945, 36.779998779296875, 39.029998779296875, 38.52000045776367, 36.880001068115234, 36.9900016784668, 36.029998779296875, 33.869998931884766, 32.189998626708984, 33.08000183105469, 32.63999938964844, 30.049999237060547, 28.719999313354492, 27.989999771118164, 27.3799991607666, 29.200000762939453, 29.6299991607666, 27.350000381469727, 29.760000228881836, 28.59000015258789, 28.950000762939453, 29.600000381469727, 24.219999313354492, 21.729999542236328, 23.899999618530273, 25.399999618530273, 23.75, 18.729999542236328, 17.1299991607666, 19.239999771118164, 18.350000381469727, 17.020000457763672, 17.860000610351562, 16.940000534057617, 17.559999465942383], "true_rul": [125.0, 125.0, 125.0, 125.0, 125.0, 125.0, 125.0, 125.0, 125.0, 125.0, 125.0, 125.0, 125.0, 125.0, 125.0, 125.0, 125.0, 125.0, 125.0, 125.0, 125.0, 125.0, 125.0, 125.0, 125.0, 125.0, 125.0, 125.0, 125.0, 125.0, 125.0, 125.0, 125.0, 125.0, 125.0, 125.0, 125.0, 125.0, 125.0, 125.0, 125.0, 125.0, 125.0, 125.0, 125.0, 125.0, 125.0, 125.0, 125.0, 125.0, 125.0, 125.0, 125.0, 125.0, 125.0, 125.0, 125.0, 125.0, 125.0, 125.0, 125.0, 125.0, 125.0, 125.0, 125.0, 125.0, 125.0, 125.0, 125.0, 125.0, 125.0, 125.0, 125.0, 125.0, 125.0, 125.0, 125.0, 125.0, 125.0, 125.0, 125.0, 125.0, 125.0, 125.0, 125.0, 125.0, 125.0, 125.0, 125.0, 125.0, 125.0, 125.0, 125.0, 125.0, 125.0, 125.0, 125.0, 125.0, 125.0, 125.0, 125.0, 125.0, 125.0, 125.0, 125.0, 125.0, 125.0, 125.0, 125.0, 125.0, 125.0, 125.0, 125.0, 125.0, 125.0, 125.0, 125.0, 125.0, 125.0, 125.0, 125.0, 125.0, 125.0, 125.0, 125.0, 125.0, 125.0, 125.0, 125.0, 125.0, 125.0, 125.0, 125.0, 125.0, 125.0, 125.0, 125.0, 125.0, 125.0, 125.0, 125.0, 125.0, 125.0, 125.0, 125.0, 125.0, 125.0, 125.0, 125.0, 125.0, 125.0, 124.0, 123.0, 122.0, 121.0, 120.0, 119.0, 118.0, 117.0, 116.0, 115.0, 114.0, 113.0, 112.0, 111.0, 110.0, 109.0, 108.0, 107.0, 106.0, 105.0, 104.0, 103.0, 102.0, 101.0, 100.0, 99.0, 98.0, 97.0, 96.0, 95.0, 94.0, 93.0, 92.0, 91.0, 90.0, 89.0, 88.0, 87.0, 86.0, 85.0, 84.0, 83.0, 82.0, 81.0, 80.0, 79.0, 78.0, 77.0, 76.0, 75.0, 74.0, 73.0, 72.0, 71.0, 70.0, 69.0, 68.0, 67.0, 66.0, 65.0, 64.0, 63.0, 62.0, 61.0, 60.0, 59.0, 58.0, 57.0, 56.0, 55.0, 54.0, 53.0, 52.0, 51.0, 50.0, 49.0, 48.0, 47.0, 46.0, 45.0, 44.0, 43.0, 42.0, 41.0, 40.0, 39.0, 38.0, 37.0, 36.0, 35.0, 34.0, 33.0, 32.0, 31.0, 30.0, 29.0, 28.0, 27.0, 26.0, 25.0, 24.0, 23.0, 22.0, 21.0, 20.0, 19.0, 18.0], "true_end": 18.0,