{"unit": 41, "cycle": [1, 2, 3, 4, 5, 6, 7, 8, 9, 10, 11, 12, 13, 14, 15, 16, 17, 18, 19, 20, 21, 22, 23, 24, 25, 26, 27, 28, 29, 30, 31, 32, 33, 34, 35, 36, 37, 38, 39, 40, 41, 42, 43, 44, 45, 46, 47, 48, 49, 50, 51, 52, 53, 54, 55, 56, 57, 58, 59, 60, 61, 62, 63, 64, 65, 66, 67, 68, 69, 70, 71, 72, 73, 74, 75, 76, 77, 78, 79, 80, 81, 82, 83, 84, 85, 86, 87, 88, 89, 90, 91, 92, 93, 94, 95, 96, 97, 98, 99, 100, 101], "pred_rul": [128.6199951171875, 127.80000305175781, 127.45999908447266, 128.14999389648438, 128.27999877929688, 128.25999450683594, 127.87000274658203, 122.08999633789062, 117.95999908447266, 117.16000366210938, 117.70999908447266, 120.94999694824219, 122.80999755859375, 118.0999984741211, 116.45999908447266, 114.83000183105469, 110.27999877929688, 112.33999633789062, 113.0, 111.48999786376953, 112.5, 120.30999755859375, 121.18000030517578, 116.52999877929688, 118.77999877929688, 120.2699966430664, 124.13999938964844, 122.9000015258789, 119.51000213623047, 123.88999938964844, 120.33999633789062, 120.27999877929688, 120.2300033569336, 119.25, 125.55999755859375, 120.58000183105469, 122.27999877929688, 120.41999816894531, 123.72000122070312, 126.91000366210938, 127.05000305175781, 127.08000183105469, 127.2300033569336, 128.52999877929688, 128.38999938964844, 128.0800018310547, 128.3000030517578, 124.33999633789062, 127.86000061035156, 128.25, 126.9800033569336, 127.2300033569336, 124.93000030517578, 126.80999755859375, 126.30000305175781, 127.33000183105469, 128.25, 124.88999938964844, 126.11000061035156, 127.01000213623047, 127.36000061035156, 127.93000030517578, 119.56999969482422, 125.3499984741211, 127.33999633789062, 128.1300048828125, 126.37000274658203, 124.66000366210938, 124.4800033569336, 125.02999877929688, 127.83999633789062, 128.4499969482422, 126.48999786376953, 127.23999786376953, 128.5, 129.1699981689453, 128.52000427246094, 127.95999908447266, 129.07000732421875, 128.6199951171875, 128.94000244140625, 128.97000122070312, 128.6999969482422, 129.14999389648438, 129.19000244140625, 129.2899932861328, 128.99000549316406, 128.0800018310547, 129.3300018310547, 129.52000427246094, 129.55999755859375, 129.11000061035156, 128.80999755859375, 128.27999877929688, 126.98999786376953, 126.22000122070312, 128.2100067138672, 124.08000183105469, 127.05000305175781, 127.23999786376953, 126.04000091552734], "true_rul": [125.0, 125.0, 125.0, 125.0, 125.0, 125.0, 125.0, 125.0, 125.0, 125.0, 125.0, 125.0, 125.0, 125.0, 125.0, 125.0, 125.0, 125.0, 125.0, 125.0, 125.0, 125.0, 125.0, 125.0, 125.0, 125.0, 125.0, 125.0, 125.0, 125.0, 125.0, 125.0, 125.0, 125.0, 125.0, 125.0, 125.0, 125.0, 125.0, 125.0, 125.0, 125.0, 125.0, 125.0, 125.0, 125.0, 125.0, 125.0, 125.0, 125.0, 125.0, 125.0, 125.0, 125.0, 125.0, 125.0, 125.0, 125.0, 125.0, 125.0, 125.0, 125.0, 125.0, 125.0, 125.0, 125.0, 125.0, 125.0, 125.0, 125.0, 125.0, 125.0, 125.0, 125.0, 125.0, 125.0, 125.0, 125.0, 125.0, 125.0, 125.0, 125.0, 125.0, 125.0, 125.0, 125.0, 125.0, 125.0, 125.0, 125.0, 125.0, 125.0, 125.0, 125.0, 125.0, 125.0, 125.0, 125.0, 125.0, 125.0, 125.0], "true_end": 125.0, "sensors": {"s2": [641.98, 641.87, 641.75, 641.74, 641.98, 641.81, 641.93, 641.75, 642.11, 641.7, 642.17, 642.36, 642.0, 641.18, 642.03, 642.21, 642.23, 641.9, 641.89, 642.2, 642.23, 642.15, 642.48, 642.25, 642.09, 641.82, 642.2, 642.54, 642.05, 641.97, 642.46, 642.52, 642.21, 642.08, 642.1, 642.69, 641.89, 642.49, 641.77, 641.82, 642.32, 641.77, 641.92, 641.31, 641.77, 642.68, 641.78, 642.44, 641.65, 642.12, 642.22, 641.94, 641.8, 641.59, 641.76, 641.61, 642.11, 642.16, 642.7, 642.18, 641.96, 641.84, 642.59, 641.55, 642.3, 642.13, 641.93, 642.0, 642.52, 642.35, 641.8, 642.36, 642.06, 642.25, 642.42, 642.03, 641.8, 642.38, 642.1, 641.93, 641.85, 642.28, 641.33, 641.65, 642.2, 642.33, 642.29, 642.16, 641.84, 641.91, 642.11, 642.16, 642.25, 642.43, 642.48, 641.34, 642.26, 642.03, 642.08, 642.27, 641.85], "s3": [1576.7, 1576.74, 1579.26, 1576.88, 1583.56, 1587.68, 1585.78, 1585.46, 1586.08, 1579.92, 1582.42, 1576.2, 1584.72, 1587.18, 1587.54, 1585.14, 1588.5, 1580.14, 1581.98, 1581.16, 1581.67, 1580.18, 1584.61, 1587.98, 1573.34, 1580.51, 1580.75, 1579.15, 1583.62, 1581.41, 1586.47, 1585.28, 1579.01, 1585.66, 1579.96, 1577.73, 1580.24, 1582.27, 1584.7, 1591.13, 1579.92, 1579.19, 1583.72, 1579.12, 1578.56, 1591.8, 1585.38, 1580.73, 1584.37, 1580.98, 1590.73, 1586.6, 1580.85, 1572.81, 1582.71, 1587.83, 1580.59, 1591.28, 1588.38, 1581.96, 1579.81, 1589.81, 1583.93, 1584.25, 1585.6, 1581.7, 1585.49, 1582.73, 1574.29, 1585.97, 1584.57, 1577.02, 1581.72, 1586.14, 1574.18, 1581.96, 1587.71, 1583.25, 1584.36, 1581.16, 1588.01, 1578.89, 1582.2, 1579.53, 1582.16, 1577.32, 1587.13, 1578.06, 1582.92, 1589.55, 1581.96, 1586.35, 1588.53, 1586.31, 1583.76, 1589.33, 1581.59, 1588.84, 1576.84, 1579.43, 1584.44], "s4": [1391.45, 1393.86, 1398.09, 1396.62, 1390.09, 1398.19, 1388.65, 1392.05, 1393.71, 1394.22, 1395.56, 1404.24, 1394.92, 1397.78, 1392.82, 1404.45, 1399.05, 1393.68, 1396.76, 1398.88, 1398.3, 1389.28, 1392.43, 1394.23, 1392.21, 1396.36, 1395.72, 1399.13, 1394.73, 1390.23, 1393.78, 1402.34, 1397.78, 1395.56, 1392.36, 1395.5, 1396.43, 1393.84, 1385.18, 1400.06, 1387.65, 1398.55, 1391.9, 1394.8, 1401.64, 1392.0, 1394.79, 1399.54, 1404.13, 1393.11, 1393.53, 1395.5, 1395.71, 1393.97, 1393.12, 1396.85, 1396.41, 1394.7, 1398.55, 1389.5, 1396.98, 1394.59, 1396.58, 1402.59, 1398.14, 1394.74, 1387.65, 1397.98, 1394.64, 1395.68, 1398.9, 1400.35, 1400.88, 1397.53, 1393.78, 1399.37, 1396.15, 1391.15, 1394.55, 1402.86, 1396.35, 1397.82, 1394.28, 1396.95, 1397.61, 1393.98, 1394.28, 1395.52, 1401.73, 1394.79, 1392.09, 1399.93, 1398.9, 1391.45, 1395.41, 1396.9, 1404.78, 1397.73, 1398.12, 1396.99, 1390.02], "s11": [47.0, 46.97, 47.04, 47.15, 47.37, 47.16, 47.04, 47.29, 47.25, 47.19, 46.88, 47.2, 47.02, 47.05, 46.87, 47.05, 47.1, 47.12, 47.2, 47.2, 47.2, 47.12, 47.13, 47.05, 47.19, 47.14, 47.03, 47.09, 47.05, 46.92, 47.29, 47.02, 47.11, 46.9, 47.15, 46.87, 46.98, 47.18, 47.04, 47.03, 47.12, 47.15, 47.01, 47.21, 46.96, 47.24, 47.21, 47.11, 47.24, 47.31, 47.1, 47.16, 46.96, 47.17, 47.05, 47.17, 47.15, 47.01, 47.1, 47.12, 47.15, 47.16, 47.17, 47.11, 47.22, 47.13, 47.05, 46.97, 47.24, 47.23, 46.98, 47.01, 47.09, 47.18, 47.12, 47.25, 47.16, 47.16, 47.29, 47.2, 47.17, 47.08, 47.11, 47.15, 47.17, 47.19, 47.14, 47.03, 47.19, 47.27, 46.97, 47.22, 47.2, 47.31, 47.01, 47.14, 47.24, 47.13, 46.99, 47.16, 47.08]}}