{"unit": 21, "cycle": [1, 2, 3, 4, 5, 6, 7, 8, 9, 10, 11, 12, 13, 14, 15, 16, 17, 18, 19, 20, 21, 22, 23, 24, 25, 26, 27, 28, 29, 30, 31, 32, 33, 34, 35, 36, 37, 38, 39, 40, 41, 42, 43, 44, 45, 46, 47, 48, 49, 50, 51, 52, 53, 54, 55, 56, 57, 58, 59, 60, 61, 62, 63, 64, 65, 66, 67, 68, 69, 70, 71, 72, 73, 74, 75, 76, 77, 78, 79, 80, 81, 82, 83, 84, 85, 86, 87, 88, 89, 90, 91, 92, 93, 94, 95, 96, 97, 98, 99, 100, 101, 102, 103, 104, 105, 106, 107, 108, 109, 110, 111, 112, 113, 114, 115, 116, 117, 118, 119, 120, 121, 122, 123, 124, 125, 126, 127, 128, 129, 130, 131, 132, 133, 134, 135, 136, 137, 138, 139, 140, 141, 142, 143, 144, 145, 146, 147, 148, 149, 150, 151, 152, 153, 154, 155, 156, 157, 158, 159, 160, 161, 162, 163, 164, 165, 166, 167, 168, 169, 170, 171, 172, 173, 174, 175, 176, 177, 178, 179, 180, 181, 182, 183, 184, 185, 186, 187, 188, 189, 190, 191, 192, 193, 194, 195, 196, 197, 198, 199, 200, 201, 202], "pred_rul": [125.94000244140625, 123.6500015258789, 123.58999633789062, 123.44999694824219, 122.68000030517578, 123.5199966430664, 122.38999938964844, 122.70999908447266, 122.80999755859375, 121.44000244140625, 120.5, 123.2699966430664, 122.36000061035156, 122.08000183105469, 124.93000030517578, 124.26000213623047, 121.62000274658203, 122.7300033569336, 122.8499984741211, 122.2699966430664, 123.43000030517578, 123.48999786376953, 122.0999984741211, 123.93000030517578, 123.01000213623047, 123.08000183105469, 124.29000091552734, 124.25, 124.80000305175781, 123.69999694824219, 124.29000091552734, 125.2300033569336, 125.94999694824219, 126.4000015258789, 128.27000427246094, 127.16000366210938, 125.33000183105469, 125.9800033569336, 123.44000244140625, 124.48999786376953, 126.13999938964844, 123.3499984741211, 122.44000244140625, 123.72000122070312, 123.44000244140625, 124.81999969482422, 121.37999725341797, 123.0, 122.83999633789062, 118.5199966430664, 121.13999938964844, 120.29000091552734, 121.4800033569336, 121.5199966430664, 123.77999877929688, 122.7699966430664, 124.0199966430664, 121.87999725341797, 121.83000183105469, 120.75, 122.26000213623047, 122.16000366210938, 120.36000061035156, 123.91000366210938, 121.83999633789062, 121.45999908447266, 122.1500015258789, 122.41000366210938, 121.83000183105469, 123.36000061035156, 122.52999877929688, 121.19999694824219, 121.76000213623047, 123.9000015258789, 125.41000366210938, 121.86000061035156, 121.19000244140625, 122.56999969482422, 121.16000366210938, 120.16999816894531, 122.6500015258789, 120.7699966430664, 122.63999938964844, 123.08000183105469, 124.62999725341797, 123.4800033569336, 121.88999938964844, 121.66999816894531, 122.23999786376953, 120.94000244140625, 123.9000015258789, 119.0999984741211, 119.77999877929688, 122.91000366210938, 123.5, 123.31999969482422, 124.25, 122.44999694824219, 119.95999908447266, 119.13999938964844, 122.5199966430664, 118.7699966430664, 122.75, 122.48999786376953, 123.8499984741211, 124.36000061035156, 124.29000091552734, 120.83999633789062, 120.43000030517578, 121.16999816894531, 120.52999877929688, 119.98999786376953, 117.68000030517578, 120.0999984741211, 116.43000030517578, 116.47000122070312, 118.30999755859375, 115.38999938964844, 112.97000122070312, 113.9800033569336, 114.76000213623047, 114.0999984741211, 115.7300033569336, 116.5199966430664, 119.45999908447266, 118.80999755859375, 116.45999908447266, 119.80000305175781, 119.0199966430664, 116.0199966430664, 117.91000366210938, 117.05999755859375, 119.4000015258789, 121.2699966430664, 119.37000274658203, 120.58000183105469, 119.38999938964844, 120.44999694824219, 117.83000183105469, 118.5199966430664, 120.62000274658203, 119.62999725341797, 117.61000061035156, 119.66999816894531, 117.30999755859375, 121.55000305175781, 120.16000366210938, 123.61000061035156, 116.1500015258789, 122.04000091552734, 117.04000091552734, 116.05999755859375, 113.18000030517578, 114.08999633789062, 118.47000122070312, 115.20999908447266, 112.66000366210938, 116.0199966430664, 116.20999908447266, 115.38999938964844, 114.44999694824219, 113.22000122070312, 116.91999816894531, 117.05000305175781, 115.91000366210938, 115.55000305175781, 116.62000274658203, 115.16999816894531, 118.36000061035156, 111.0999984741211, 117.23999786376953, 114.06999969482422, 118.66999816894531, 111.5199966430664, 119.08999633789062, 115.58000183105469, 116.3499984741211, 108.11000061035156, 106.4000015258789, 111.43000030517578, 108.04000091552734, 114.72000122070312, 110.70999908447266, 116.44000244140625, 111.8499984741211, 114.80999755859375, 111.18000030517578, 118.08999633789062, 110.83000183105469, 116.93000030517578, 109.18000030517578, 115.44000244140625, 108.4800033569336, 115.05999755859375, 104.05000305175781, 116.79000091552734, 108.33999633789062, 117.33999633789062, 103.2300033569336, 114.54000091552734, 105.69999694824219, 111.55999755859375], "true_rul": [125.0, 125.0, 125.0, 125.0, 125.0, 125.0, 125.0, 125.0, 125.0, 125.0, 125.0, 125.0, 125.0, 125.0, 125.0, 125.0, 125.0, 125.0, 125.0, 125.0, 125.0, 125.0, 125.0, 125.0, 125.0, 125.0, 125.0, 125.0, 125.0, 125.0, 125.0, 125.0, 125.0, 125.0, 125.0, 125.0, 125.0, 125.0, 125.0, 125.0, 125.0, 125.0, 125.0, 125.0, 125.0, 125.0, 125.0, 125.0, 125.0, 125.0, 125.0, 125.0, 125.0, 125.0, 125.0, 125.0, 125.0, 125.0, 125.0, 125.0, 125.0, 125.0, 125.0, 125.0, 125.0, 125.0, 125.0, 125.0, 125.0, 125.0, 125.0, 125.0, 125.0, 125.0, 125.0, 125.0, 125.0, 125.0, 125.0, 125.0, 125.0, 125.0, 125.0, 125.0, 125.0, 125.0, 125.0, 125.0, 125.0, 125.0, 125.0, 125.0, 125.0, 125.0, 125.0, 125.0, 125.0, 125.0, 125.0, 125.0, 125.0, 125.0, 125.0, 125.0, 125.0, 125.0, 125.0, 125.0, 125.0, 125.0, 125.0, 125.0, 125.0, 125.0, 125.0, 125.0, 125.0, 125.0, 125.0, 125.0, 125.0, 125.0, 125.0, 125.0, 125.0, 125.0, 125.0, 125.0, 125.0, 125.0, 125.0, 125.0, 125.0, 125.0, 125.0, 125.0, 125.0, 125.0, 125.0, 125.0, 125.0, 125.0, 125.0, 125.0, 125.0, 125.0, 125.0, 125.0, 125.0, 125.0, 125.0, 125.0, 125.0, 125.0, 125.0, 125.0, 125.0, 125.0, 125.0, 125.0, 125.0, 125.0, 125.0, 125.0, 125.0, 125.0, 125.0, 125.0, 124.0, 123.0, 122.0, 121.0, 120.0, 119.0, 118.0, 117.0, 116.0, 115.0, 114.0, 113.0, 112.0, 111.0, 110.0, 109.0, 108.0, 107.0, 106.0, 105.0, 104.0, 103.0, 102.0, 101.0, 100.0, 99.0, 98.0, 97.0, 96.0, 95.0, 94.0, 93.0, 92.0, 91.0], "true_end": 91.0, "sensors": {"s2": [548.98, 555.4, 642.05, 641.96, 555.65, 641.96, 642.04, 642.1, 606.7, 549.24, 641.86, 606.1, 548.97, 536.35, 536.83, 642.04, 604.46, 536.46, 607.3, 549.48, 641.72, 641.9, 549.26, 549.04, 606.77, 641.61, 641.86, 536.39, 642.1, 549.19, 604.67, 548.47, 604.15, 536.39, 642.29, 554.88, 549.23, 603.92, 641.88, 536.58, 549.47, 555.21, 604.57, 549.49, 604.18, 548.73, 536.8, 606.95, 548.74, 536.35, 555.38, 548.55, 604.37, 536.77, 607.2, 607.44, 536.54, 642.74, 549.33, 549.62, 536.38, 641.59, 536.17, 604.09, 554.33, 604.23, 604.52, 549.01, 606.87, 549.22, 641.77, 642.28, 642.09, 536.77, 604.09, 607.05, 555.85, 555.38, 549.06, 549.47, 548.71, 642.08, 555.41, 606.59, 548.98, 536.73, 548.96, 607.03, 536.42, 642.28, 604.51, 537.0, 642.43, 604.04, 548.94, 549.18, 641.99, 604.13, 549.23, 642.32, 555.08, 604.4, 555.15, 604.56, 607.04, 642.18, 555.66, 549.19, 549.63, 536.07, 605.05, 604.78, 549.38, 604.82, 642.26, 555.1, 536.72, 554.81, 536.32, 536.2, 641.99, 549.56, 555.53, 549.36, 555.35, 536.72, 606.77, 607.22, 607.0, 549.6, 606.69, 642.25, 549.39, 606.94, 642.11, 606.72, 607.29, 607.0, 549.43, 606.84, 604.17, 549.13, 549.19, 536.77, 641.98, 604.35, 604.57, 606.79, 641.92, 603.99, 555.73, 536.09, 642.03, 607.05, 604.21, 604.35, 549.14, 549.43, 606.94, 536.35, 604.28, 642.35, 604.78, 549.36, 536.65, 549.49, 536.84, 604.05, 604.03, 554.45, 549.1, 642.44, 606.93, 555.72, 604.33, 555.16, 555.15, 606.82, 548.94, 548.83, 535.86, 548.93, 548.74, 548.96, 642.23, 604.27, 548.85, 555.02, 536.73, 536.72, 549.42, 607.16, 606.78, 641.98, 555.39, 549.0, 604.77, 555.81, 642.12, 642.46, 549.32, 536.59],