{"unit": 49, "cycle": [1, 2, 3, 4, 5, 6, 7, 8, 9, 10, 11, 12, 13, 14, 15, 16, 17, 18, 19, 20, 21, 22, 23, 24, 25, 26, 27, 28, 29, 30, 31, 32, 33, 34, 35, 36, 37, 38, 39, 40, 41, 42, 43, 44, 45, 46, 47, 48, 49, 50, 51, 52, 53, 54, 55, 56, 57, 58, 59, 60, 61, 62, 63, 64, 65, 66, 67, 68, 69, 70, 71, 72, 73, 74, 75, 76, 77, 78, 79, 80, 81, 82, 83, 84, 85, 86, 87, 88, 89, 90, 91, 92, 93, 94, 95, 96, 97, 98, 99, 100, 101, 102, 103, 104, 105, 106, 107, 108, 109, 110, 111, 112, 113, 114, 115, 116, 117, 118, 119, 120, 121, 122, 123, 124, 125, 126, 127, 128, 129, 130, 131, 132, 133, 134, 135, 136, 137, 138, 139, 140, 141, 142, 143, 144, 145, 146, 147, 148, 149, 150, 151, 152, 153, 154, 155, 156, 157, 158, 159, 160, 161, 162, 163, 164, 165, 166, 167, 168, 169, 170, 171, 172, 173, 174, 175, 176, 177, 178, 179, 180, 181, 182, 183, 184, 185, 186, 187, 188, 189, 190, 191, 192, 193, 194, 195, 196, 197, 198, 199, 200, 201, 202, 203, 204, 205, 206, 207, 208, 209, 210, 211, 212, 213, 214, 215, 216, 217, 218, 219, 220, 221, 222, 223, 224, 225, 226, 227, 228, 229, 230, 231, 232, 233, 234, 235, 236, 237, 238, 239, 240, 241, 242, 243, 244, 245, 246, 247, 248, 249, 250, 251, 252, 253, 254, 255, 256, 257, 258, 259, 260, 261, 262, 263, 264, 265, 266, 267, 268, 269, 270, 271, 272, 273, 274, 275, 276, 277, 278, 279, 280, 281, 282, 283, 284, 285, 286, 287, 288, 289, 290, 291, 292, 293, 294, 295, 296, 297, 298, 299, 300, 301, 302, 303], "pred_rul": [137.44000244140625, 139.11000061035156, 139.89999389648438, 138.42999267578125, 136.5500030517578, 134.80999755859375, 134.94000244140625, 132.41000366210938, 133.60000610351562, 131.8300018310547, 127.54000091552734, 123.63999938964844, 118.41000366210938, 119.87999725341797, 118.7699966430664, 118.66999816894531, 118.2699966430664, 118.27999877929688, 119.02999877929688, 122.54000091552734, 123.83999633789062, 123.06999969482422, 122.69000244140625, 123.38999938964844, 122.5999984741211, 124.05000305175781, 127.55000305175781, 128.97999572753906, 129.58999633789062, 130.44000244140625, 127.11000061035156, 128.0500030517578, 128.83999633789062, 127.62999725341797, 127.72000122070312, 129.1999969482422, 130.22999572753906, 129.9499969482422, 126.94999694824219, 126.51000213623047, 125.30999755859375, 126.12999725341797, 131.49000549316406, 128.5500030517578, 127.73999786376953, 124.87000274658203, 124.76000213623047, 120.0199966430664, 121.2699966430664, 123.2300033569336, 122.04000091552734, 120.55000305175781, 118.4000015258789, 118.88999938964844, 117.95999908447266, 119.69999694824219, 122.05999755859375, 123.2300033569336, 124.80000305175781, 124.79000091552734, 127.11000061035156, 127.05000305175781, 127.0999984741211, 128.58999633789062, 126.87999725341797, 128.05999755859375, 128.47000122070312, 129.9600067138672, 125.33999633789062, 126.68000030517578, 125.3499984741211, 122.66000366210938, 124.62000274658203, 127.12999725341797, 129.8800048828125, 131.83999633789062, 131.75999450683594, 130.22000122070312, 126.76000213623047, 125.7699966430664, 130.00999450683594, 129.42999267578125, 130.91000366210938, 132.08999633789062, 131.97000122070312, 130.80999755859375, 133.22000122070312, 130.61000061035156, 131.0, 132.02000427246094, 132.52999877929688, 133.41000366210938, 131.5399932861328, 129.4600067138672, 129.92999267578125, 126.9800033569336, 128.97999572753906, 128.2899932861328, 124.3499984741211, 126.80999755859375, 127.62999725341797, 128.13999938964844, 127.48999786376953, 127.95999908447266, 127.54000091552734, 128.52000427246094, 129.2100067138672, 128.7899932861328, 128.55999755859375, 129.64999389648438, 131.6999969482422, 128.39999389648438, 128.91000366210938, 129.1999969482422, 124.05999755859375, 126.83000183105469, 129.00999450683594, 128.52999877929688, 128.33999633789062, 125.18000030517578, 125.19999694824219, 113.95999908447266, 107.01000213623047, 115.55000305175781, 111.80999755859375, 122.66999816894531, 123.19999694824219, 125.18000030517578, 127.25, 121.22000122070312, 123.16999816894531, 120.25, 120.76000213623047, 123.80000305175781, 122.23999786376953, 128.00999450683594, 127.72000122070312, 124.98999786376953, 125.38999938964844, 118.83000183105469, 122.73999786376953, 116.8499984741211, 118.86000061035156, 122.43000030517578, 114.68000030517578, 117.01000213623047, 114.66000366210938, 117.83000183105469, 118.81999969482422, 118.16000366210938, 122.12999725341797, 112.62000274658203, 119.66999816894531, 120.6500015258789, 125.55999755859375, 127.0199966430664, 123.61000061035156, 127.9800033569336, 127.18000030517578, 127.38999938964844, 127.22000122070312, 122.70999908447266, 128.52000427246094, 129.47000122070312, 128.82000732421875, 130.39999389648438, 125.12000274658203, 128.25999450683594, 121.77999877929688, 117.12999725341797, 112.0999984741211, 104.37000274658203, 106.91999816894531, 114.08000183105469, 111.44999694824219, 115.7300033569336, 111.66000366210938, 113.77999877929688, 115.52999877929688, 117.9000015258789, 120.44999694824219, 115.5, 111.79000091552734, 104.4000015258789, 95.0999984741211, 101.94999694824219, 98.76000213623047, 97.76000213623047, 99.5999984741211, 83.8499984741211, 96.86000061035156, 99.7699966430664, 90.91999816894531, 93.76000213623047, 86.52999877929688, 99.01000213623047, 101.36000061035156, 100.19999694824219, 101.52999877929688, 87.54000091552734, 98.12999725341797, 101.45999908447266, 95.93000030517578, 104.37000274658203, 91.05999755859375, 93.4000015258789, 83.44999694824219, 88.11000061035156, 97.52999877929688, 82.56999969482422, 85.33999633789062, 83.30999755859375, 87.98999786376953, 87.05999755859375, 83.72000122070312, 88.30999755859375, 87.18000030517578, 87.16999816894531, 86.9800033569336, 83.79000091552734, 85.8499984741211, 84.12000274658203, 78.62000274658203, 88.0199966430664, 80.87999725341797, 82.66999816894531, 80.68000030517578, 79.44000244140625, 86.30999755859375, 79.73999786376953, 79.91000366210938, 76.22000122070312, 71.83000183105469, 60.66999816894531, 71.83000183105469, 80.55999755859375, 75.30999755859375, 72.19999694824219, 66.26000213623047, 67.33999633789062, 75.12000274658203, 67.70999908447266, 66.38999938964844, 61.119998931884766, 65.58999633789062, 64.80000305175781, 60.630001068115234, 56.650001525878906, 50.959999084472656, 49.08000183105469, 53.099998474121094, 48.790000915527344, 48.900001525878906, 46.720001220703125, 54.68000030517578, 54.970001220703125, 53.88999938964844, 54.33000183105469, 46.45000076293945, 55.130001068115234, 55.380001068115234, 58.18000030517578, 50.93000030517578, 49.439998626708984, 50.41999816894531, 47.5099983215332, 44.939998626708984, 50.810001373291016, 38.869998931884766, 40.72999954223633, 34.7400016784668, 38.27000045776367, 36.459999084472656, 36.369998931884766, 34.7599983215332, 37.40999984741211, 34.560001373291016, 36.029998779296875, 31.329999923706055, 32.77000045776367, 32.7400016784668, 37.65999984741211, 34.41999816894531, 35.06999969482422, 37.27000045776367, 41.75, 39.849998474121094, 35.06999969482422, 33.7599983215332, 32.25, 31.530000686645508, 33.18000030517578, 31.34000015258789, 26.860000610351562, 25.81999969482422, 26.520000457763672, 25.15999984741211, 21.940000534057617, 18.920000076293945, 17.530000686645508, 15.15999984741211, 15.920000076293945, 13.109999656677246],