{"unit": 121, "cycle": [1, 2, 3, 4, 5, 6, 7, 8, 9, 10, 11, 12, 13, 14, 15, 16, 17, 18, 19, 20, 21, 22, 23, 24, 25, 26, 27, 28, 29, 30, 31, 32, 33, 34, 35, 36, 37, 38, 39, 40, 41, 42, 43, 44, 45, 46, 47, 48, 49, 50, 51, 52, 53, 54, 55, 56, 57, 58, 59, 60, 61, 62, 63, 64, 65, 66, 67, 68, 69, 70, 71, 72, 73, 74, 75, 76, 77, 78, 79, 80, 81, 82, 83, 84, 85, 86, 87, 88, 89, 90, 91, 92, 93, 94, 95, 96, 97, 98, 99, 100, 101, 102, 103, 104, 105, 106, 107, 108, 109, 110, 111, 112, 113, 114, 115, 116, 117, 118, 119, 120, 121, 122, 123, 124, 125, 126, 127, 128, 129, 130, 131, 132, 133, 134, 135, 136, 137, 138, 139, 140, 141, 142, 143, 144, 145, 146, 147, 148, 149, 150, 151, 152, 153, 154, 155, 156, 157, 158, 159, 160, 161, 162, 163, 164, 165, 166, 167, 168, 169, 170, 171, 172, 173, 174, 175, 176, 177, 178, 179, 180, 181, 182, 183, 184, 185, 186, 187, 188, 189, 190, 191, 192, 193, 194], "pred_rul": [141.44000244140625, 140.66000366210938, 144.08999633789062, 144.63999938964844, 146.36000061035156, 146.1300048828125, 142.22000122070312, 147.75, 149.39999389648438, 148.08999633789062, 150.19000244140625, 152.14999389648438, 152.69000244140625, 151.6300048828125, 149.42999267578125, 152.64999389648438, 154.22000122070312, 149.61000061035156, 150.82000732421875, 148.3699951171875, 148.41000366210938, 146.55999755859375, 145.32000732421875, 145.11000061035156, 143.1999969482422, 139.16000366210938, 141.07000732421875, 139.4600067138672, 141.6199951171875, 139.1300048828125, 135.72000122070312, 135.1199951171875, 126.5199966430664, 124.16999816894531, 127.11000061035156, 129.5399932861328, 125.75, 124.52999877929688, 117.16000366210938, 123.13999938964844, 115.16999816894531, 117.91000366210938, 115.36000061035156, 119.22000122070312, 118.16000366210938, 119.37999725341797, 115.30000305175781, 119.93000030517578, 111.4800033569336, 113.3499984741211, 115.56999969482422, 121.43000030517578, 115.73999786376953, 121.62000274658203, 119.16000366210938, 117.41000366210938, 113.77999877929688, 118.45999908447266, 114.80000305175781, 123.2699966430664, 114.23999786376953, 119.30000305175781, 119.54000091552734, 122.61000061035156, 119.11000061035156, 120.88999938964844, 127.33000183105469, 120.12999725341797, 118.87000274658203, 120.2300033569336, 122.95999908447266, 120.83999633789062, 118.5, 119.5, 124.83999633789062, 118.8499984741211, 113.5999984741211, 115.68000030517578, 115.6500015258789, 111.77999877929688, 107.05000305175781, 110.41000366210938, 104.86000061035156, 110.29000091552734, 104.52999877929688, 109.08000183105469, 98.76000213623047, 107.94000244140625, 98.19000244140625, 108.37000274658203, 101.62000274658203, 112.37999725341797, 105.44000244140625, 112.80999755859375, 106.76000213623047, 110.56999969482422, 101.30999755859375, 112.51000213623047, 100.79000091552734, 113.91999816894531, 106.30999755859375, 108.86000061035156, 100.0, 111.98999786376953, 104.80000305175781, 113.0, 111.47000122070312, 114.1500015258789, 104.7300033569336, 115.63999938964844, 109.79000091552734, 123.12000274658203, 109.4800033569336, 121.97000122070312, 116.11000061035156, 117.0999984741211, 102.98999786376953, 110.48999786376953, 102.72000122070312, 110.73999786376953, 101.12000274658203, 110.44000244140625, 102.22000122070312, 111.58999633789062, 104.94000244140625, 108.83000183105469, 102.13999938964844, 112.02999877929688, 102.80000305175781, 101.75, 95.97000122070312, 105.25, 102.7699966430664, 95.3499984741211, 102.19999694824219, 105.06999969482422, 106.41000366210938, 102.83000183105469, 99.37999725341797, 96.9800033569336, 97.83000183105469, 88.19999694824219, 91.61000061035156, 76.26000213623047, 87.1500015258789, 81.80999755859375, 88.75, 83.88999938964844, 89.8499984741211, 89.68000030517578, 93.44000244140625, 88.08000183105469, 91.5999984741211, 85.94000244140625, 81.4800033569336, 85.19000244140625, 85.43000030517578, 84.7699966430664, 88.26000213623047, 83.41999816894531, 82.01000213623047, 88.6500015258789, 80.5, 91.12999725341797, 88.75, 103.76000213623047, 94.54000091552734, 101.62999725341797, 87.70999908447266, 95.19999694824219, 79.83000183105469, 97.0199966430664, 86.75, 97.41000366210938, 90.4000015258789, 94.83000183105469, 87.6500015258789, 95.36000061035156, 86.81999969482422, 90.08000183105469, 85.01000213623047, 83.4000015258789, 81.26000213623047, 76.62999725341797, 71.5999984741211, 64.8499984741211, 66.18000030517578, 60.380001068115234, 56.349998474121094, 51.56999969482422, 48.650001525878906, 43.9900016784668, 47.93000030517578, 43.189998626708984], "true_rul": [125.0, 125.0, 125.0, 125.0, 125.0, 125.0, 125.0, 125.0, 125.0, 125.0, 125.0, 125.0, 125.0, 125.0, 125.0, 125.0, 125.0, 125.0, 125.0, 125.0, 125.0, 125.0, 125.0, 125.0, 125.0, 125.0, 125.0, 125.0, 125.0, 125.0, 125.0, 125.0, 125.0, 125.0, 125.0, 125.0, 125.0, 125.0, 125.0, 125.0, 125.0, 125.0, 125.0, 125.0, 125.0, 125.0, 125.0, 125.0, 125.0, 125.0, 125.0, 125.0, 125.0, 125.0, 125.0, 125.0, 125.0, 125.0, 125.0, 125.0, 125.0, 125.0, 125.0, 125.0, 125.0, 125.0, 125.0, 125.0, 125.0, 125.0, 125.0, 125.0, 125.0, 125.0, 125.0, 125.0, 125.0, 125.0, 125.0, 125.0, 125.0, 125.0, 125.0, 125.0, 125.0, 125.0, 125.0, 125.0, 125.0, 125.0, 125.0, 125.0, 125.0, 125.0, 125.0, 125.0, 125.0, 125.0, 125.0, 125.0, 125.0, 125.0, 125.0, 125.0, 125.0, 125.0, 125.0, 125.0, 125.0, 125.0, 124.0, 123.0, 122.0, 121.0, 120.0, 119.0, 118.0, 117.0, 116.0, 115.0, 114.0, 113.0, 112.0, 111.0, 110.0, 109.0, 108.0, 107.0, 106.0, 105.0, 104.0, 103.0, 102.0, 101.0, 100.0, 99.0, 98.0, 97.0, 96.0, 95.0, 94.0, 93.0, 92.0, 91.0, 90.0, 89.0, 88.0, 87.0, 86.0, 85.0, 84.0, 83.0, 82.0, 81.0, 80.0, 79.0, 78.0, 77.0, 76.0, 75.0, 74.0, 73.0, 72.0, 71.0, 70.0, 69.0, 68.0, 67.0, 66.0, 65.0, 64.0, 63.0, 62.0, 61.0, 60.0, 59.0, 58.0, 57.0, 56.0, 55.0, 54.0, 53.0, 52.0, 51.0, 50.0, 49.0, 48.0, 47.0, 46.0, 45.0, 44.0, 43.0, 42.0, 41.0], "true_end": 41.0, "sensors": {"s2": [549.89, 549.18, 642.43, 607.46, 607.83, 607.59, 555.87, 607.31, 607.43, 549.4, 607.12, 607.4, 549.5, 537.23, 604.37, 555.6, 641.94, 536.8, 549.63, 642.56, 604.44, 555.9, 549.22, 549.58, 536.42, 607.33, 549.99, 549.23, 549.61, 548.86, 536.19, 549.26, 536.77, 550.22, 607.06, 549.63, 642.74, 549.72, 607.67, 606.93, 643.02, 536.99, 604.67, 607.61, 604.54, 642.74, 549.59, 642.8, 556.45, 607.6, 549.5, 555.51, 605.0, 607.51, 536.38, 536.98, 642.46, 607.32, 537.11, 604.55, 607.77, 549.93, 642.52, 641.55, 642.47, 550.17, 607.49, 607.08, 537.57, 605.26, 607.07, 556.21, 642.94, 536.62, 607.24, 607.12, 643.05, 555.96, 607.13, 549.54, 605.43, 555.54, 605.13, 536.61, 556.0, 604.05, 555.64, 642.45, 549.71, 549.47, 642.54, 642.79, 604.55, 549.8, 604.94, 555.82, 642.61, 607.74, 605.08, 605.09, 549.82, 607.28, 550.17, 604.46, 549.14, 549.41, 550.09, 536.88, 604.44, 549.25, 642.83, 548.96, 549.83, 536.71, 549.62, 550.24, 537.08, 536.85, 536.72, 549.99, 549.83, 549.77, 607.36, 607.2, 604.55, 549.63, 605.02, 607.65, 556.01, 536.63, 643.1, 549.36, 642.14, 536.97, 607.65, 536.7, 642.6, 605.42, 555.87, 537.06, 549.49, 604.87, 536.43, 537.22, 604.83, 537.09, 548.78, 642.57, 549.69, 607.54, 607.45, 642.45, 608.25, 549.96, 642.86, 642.35, 605.0, 605.24, 550.33, 642.66, 605.36, 642.94, 607.77, 537.35, 550.1, 642.55, 549.93, 537.1, 550.01, 605.08, 549.89, 549.42, 549.78, 607.4, 555.51, 536.61, 643.02, 536.81, 550.13, 550.05, 643.07, 536.79, 549.53, 549.75, 550.46, 537.23, 536.91, 537.0, 537.43, 549.9, 643.49, 607.91, 549.1, 536.89],