{"unit": 81, "cycle": [1, 2, 3, 4, 5, 6, 7, 8, 9, 10, 11, 12, 13, 14, 15, 16, 17, 18, 19, 20, 21, 22, 23, 24, 25, 26, 27, 28, 29, 30, 31, 32, 33, 34, 35, 36, 37, 38, 39, 40, 41, 42, 43, 44, 45, 46, 47, 48, 49, 50, 51, 52, 53, 54, 55, 56, 57, 58, 59, 60], "pred_rul": [133.25, 132.9600067138672, 131.50999450683594, 134.0800018310547, 133.52000427246094, 135.94000244140625, 135.6300048828125, 133.50999450683594, 134.08999633789062, 132.25, 133.72000122070312, 131.69000244140625, 133.72999572753906, 133.47999572753906, 133.02999877929688, 130.2100067138672, 129.25, 128.60000610351562, 128.35000610351562, 128.6999969482422, 125.37999725341797, 124.58000183105469, 124.30000305175781, 125.79000091552734, 121.54000091552734, 125.02999877929688, 123.30999755859375, 127.98999786376953, 124.62999725341797, 128.22999572753906, 125.11000061035156, 123.18000030517578, 125.83000183105469, 125.16999816894531, 120.66999816894531, 124.76000213623047, 123.69000244140625, 122.62999725341797, 122.54000091552734, 118.30000305175781, 121.54000091552734, 119.12999725341797, 116.29000091552734, 121.19999694824219, 122.51000213623047, 122.08999633789062, 124.37000274658203, 118.2300033569336, 125.7699966430664, 121.2699966430664, 124.95999908447266, 122.37000274658203, 129.0399932861328, 119.52999877929688, 123.02999877929688, 120.94000244140625, 129.52000427246094, 125.4800033569336, 131.14999389648438, 127.7699966430664], "true_rul": [125.0, 125.0, 125.0, 125.0, 125.0, 125.0, 125.0, 125.0, 125.0, 125.0, 125.0, 125.0, 125.0, 125.0, 125.0, 125.0, 125.0, 125.0, 125.0, 125.0, 125.0, 125.0, 125.0, 125.0, 125.0, 125.0, 125.0, 125.0, 125.0, 125.0, 125.0, 124.0, 123.0, 122.0, 121.0, 120.0, 119.0, 118.0, 117.0, 116.0, 115.0, 114.0, 113.0, 112.0, 111.0, 110.0, 109.0, 108.0, 107.0, 106.0, 105.0, 104.0, 103.0, 102.0, 101.0, 100.0, 99.0, 98.0, 97.0, 96.0], "true_end": 96.0, "sensors": {"s2": [536.26, 606.87, 555.44, 555.74, 549.62, 604.38, 642.33, 549.31, 607.53, 555.19, 555.18, 537.0, 642.48, 607.32, 605.21, 549.34, 549.38, 555.47, 550.01, 607.22, 606.91, 549.29, 549.84, 604.44, 549.6, 642.57, 607.14, 642.46, 549.41, 641.77, 549.45, 549.04, 606.71, 548.78, 554.74, 555.58, 536.78, 549.09, 549.45, 555.59, 548.79, 548.78, 555.57, 549.29, 604.74, 549.44, 549.35, 555.49, 549.73, 642.28, 549.33, 604.27, 536.51, 537.57, 555.45, 554.96, 642.35, 604.43, 606.82, 642.07], "s3": [1260.89, 1474.91, 1365.26, 1359.95, 1346.16, 1497.61, 1584.62, 1344.23, 1477.74, 1366.21, 1360.56, 1255.22, 1579.17, 1486.68, 1495.11, 1348.09, 1349.31, 1366.04, 1350.99, 1483.09, 1483.19, 1356.94, 1353.12, 1498.44, 1349.37, 1586.95, 1483.52, 1588.21, 1352.26, 1578.26, 1355.18, 1356.61, 1482.53, 1349.37, 1364.12, 1362.26, 1258.21, 1351.21, 1350.54, 1369.84, 1354.44, 1349.44, 1362.5, 1350.63, 1500.12, 1352.92, 1354.44, 1358.73, 1353.58, 1592.31, 1353.75, 1488.73, 1260.28, 1256.57, 1364.11, 1361.97, 1587.14, 1494.8, 1483.62, 1582.06], "s4": [1041.27, 1254.43, 1123.32, 1119.3, 1118.43, 1297.16, 1405.55, 1122.22, 1232.12, 1122.31, 1114.38, 1042.05, 1402.96, 1250.74, 1307.94, 1126.26, 1120.89, 1125.1, 1120.4, 1251.46, 1250.19, 1122.38, 1113.43, 1309.12, 1124.26, 1392.79, 1244.36, 1394.51, 1118.35, 1401.2, 1121.74, 1125.21, 1232.89, 1116.17, 1132.33, 1113.67, 1037.57, 1119.24, 1119.18, 1135.48, 1116.86, 1120.34, 1128.59, 1121.6, 1296.1, 1120.19, 1126.56, 1134.27, 1123.99, 1402.53, 1122.1, 1309.43, 1044.73, 1041.15, 1125.48, 1120.1, 1400.11, 1302.28, 1236.57, 1404.97], "s11": [36.61, 44.07, 41.71, 41.52, 41.88, 45.19, 47.28, 42.11, 44.12, 41.82, 41.77, 36.5, 47.31, 44.02, 45.25, 41.92, 41.76, 41.83, 41.88, 44.3, 44.14, 41.79, 41.98, 45.11, 42.06, 47.24, 44.29, 47.17, 41.87, 47.23, 41.84, 41.81, 44.22, 41.97, 41.77, 41.82, 36.56, 42.02, 41.82, 41.84, 41.93, 42.11, 41.78, 42.02, 45.23, 41.94, 41.93, 41.81, 41.74, 47.25, 41.85, 45.32, 36.5, 36.71, 42.0, 41.87, 47.19, 45.15, 44.13, 47.19]}}