{"unit": 25, "cycle": [1, 2, 3, 4, 5, 6, 7, 8, 9, 10, 11, 12, 13, 14, 15, 16, 17, 18, 19, 20, 21, 22, 23, 24, 25, 26, 27, 28, 29, 30, 31, 32, 33, 34, 35, 36, 37, 38, 39, 40, 41, 42, 43, 44, 45, 46, 47, 48, 49, 50, 51, 52, 53, 54, 55, 56, 57, 58, 59, 60, 61, 62, 63, 64, 65, 66, 67, 68, 69, 70, 71, 72, 73, 74, 75, 76, 77, 78, 79, 80, 81, 82, 83, 84, 85, 86, 87, 88, 89, 90, 91, 92, 93, 94, 95, 96, 97, 98, 99, 100, 101, 102, 103, 104, 105, 106, 107, 108, 109, 110, 111, 112, 113, 114, 115, 116, 117, 118, 119, 120, 121, 122, 123, 124, 125, 126, 127, 128, 129, 130, 131, 132, 133, 134, 135, 136, 137, 138, 139, 140, 141, 142, 143, 144, 145, 146, 147, 148, 149, 150, 151, 152, 153, 154, 155, 156, 157, 158, 159, 160, 161, 162, 163, 164, 165, 166, 167, 168, 169], "pred_rul": [118.91999816894531, 120.44000244140625, 115.68000030517578, 108.43000030517578, 109.37999725341797, 110.38999938964844, 108.19999694824219, 105.37999725341797, 96.66999816894531, 105.9000015258789, 108.94999694824219, 110.61000061035156, 105.2300033569336, 95.97000122070312, 100.83999633789062, 111.61000061035156, 115.52999877929688, 111.18000030517578, 114.38999938964844, 113.7699966430664, 114.22000122070312, 107.73999786376953, 103.30999755859375, 102.33999633789062, 110.91000366210938, 112.2300033569336, 109.12000274658203, 106.66000366210938, 110.56999969482422, 111.9800033569336, 112.08999633789062, 111.93000030517578, 112.30000305175781, 110.4800033569336, 111.23999786376953, 107.79000091552734, 108.5999984741211, 108.11000061035156, 109.22000122070312, 112.44999694824219, 110.0199966430664, 116.36000061035156, 116.20999908447266, 118.16000366210938, 123.51000213623047, 121.58000183105469, 118.98999786376953, 116.97000122070312, 117.05999755859375, 120.12000274658203, 118.08999633789062, 112.4800033569336, 112.7699966430664, 110.80999755859375, 115.5199966430664, 113.4800033569336, 108.91999816894531, 109.23999786376953, 109.69000244140625, 118.18000030517578, 106.56999969482422, 100.18000030517578, 91.0199966430664, 94.38999938964844, 109.37000274658203, 102.27999877929688, 101.55000305175781, 104.81999969482422, 108.0199966430664, 118.95999908447266, 118.75, 112.2300033569336, 110.97000122070312, 112.91999816894531, 123.61000061035156, 121.12999725341797, 117.01000213623047, 113.05000305175781, 108.12999725341797, 112.25, 111.04000091552734, 110.83999633789062, 111.33999633789062, 112.91000366210938, 113.5999984741211, 106.37000274658203, 104.23999786376953, 103.33000183105469, 95.81999969482422, 105.4000015258789, 100.69999694824219, 103.13999938964844, 106.33999633789062, 103.41000366210938, 109.68000030517578, 109.54000091552734, 101.37999725341797, 98.5199966430664, 101.22000122070312, 108.18000030517578, 107.93000030517578, 98.37999725341797, 102.5, 109.62000274658203, 102.87000274658203, 105.86000061035156, 96.98999786376953, 100.11000061035156, 105.80999755859375, 108.08000183105469, 104.38999938964844, 103.2699966430664, 99.19000244140625, 102.30999755859375, 101.66000366210938, 106.37000274658203, 108.77999877929688, 106.08000183105469, 106.55000305175781, 109.16999816894531, 111.87000274658203, 114.3499984741211, 111.62999725341797, 113.41999816894531, 115.83999633789062, 110.77999877929688, 107.55000305175781, 96.37000274658203, 96.83999633789062, 93.54000091552734, 88.68000030517578, 92.79000091552734, 90.88999938964844, 90.13999938964844, 93.55999755859375, 86.25, 83.69000244140625, 82.80000305175781, 78.5, 77.05999755859375, 71.83000183105469, 75.27999877929688, 76.3499984741211, 76.66000366210938, 76.83000183105469, 73.30000305175781, 70.80999755859375, 65.5199966430664, 64.95999908447266, 56.279998779296875, 57.88999938964844, 60.91999816894531, 54.970001220703125, 61.459999084472656, 53.630001068115234, 55.349998474121094, 52.41999816894531, 57.68000030517578, 62.25, 63.45000076293945, 60.599998474121094, 57.720001220703125, 59.900001525878906, 62.95000076293945, 63.08000183105469, 62.790000915527344, 53.93000030517578, 50.279998779296875, 50.650001525878906], "true_rul": [125.0, 125.0, 125.0, 125.0, 125.0, 125.0, 125.0, 125.0, 125.0, 125.0, 125.0, 125.0, 125.0, 125.0, 125.0, 125.0, 125.0, 125.0, 125.0, 125.0, 125.0, 125.0, 125.0, 125.0, 125.0, 125.0, 125.0, 125.0, 125.0, 125.0, 125.0, 125.0, 125.0, 125.0, 125.0, 125.0, 125.0, 125.0, 125.0, 125.0, 125.0, 125.0, 125.0, 125.0, 125.0, 125.0, 125.0, 125.0, 125.0, 125.0, 125.0, 125.0, 125.0, 125.0, 125.0, 125.0, 125.0, 125.0, 125.0, 125.0, 125.0, 125.0, 125.0, 125.0, 125.0, 125.0, 125.0, 125.0, 125.0, 125.0, 125.0, 125.0, 125.0, 125.0, 125.0, 125.0, 125.0, 125.0, 125.0, 125.0, 125.0, 125.0, 125.0, 125.0, 125.0, 125.0, 125.0, 125.0, 125.0, 125.0, 125.0, 125.0, 125.0, 125.0, 125.0, 125.0, 125.0, 125.0, 125.0, 125.0, 125.0, 125.0, 124.0, 123.0, 122.0, 121.0, 120.0, 119.0, 118.0, 117.0, 116.0, 115.0, 114.0, 113.0, 112.0, 111.0, 110.0, 109.0, 108.0, 107.0, 106.0, 105.0, 104.0, 103.0, 102.0, 101.0, 100.0, 99.0, 98.0, 97.0, 96.0, 95.0, 94.0, 93.0, 92.0, 91.0, 90.0, 89.0, 88.0, 87.0, 86.0, 85.0, 84.0, 83.0, 82.0, 81.0, 80.0, 79.0, 78.0, 77.0, 76.0, 75.0, 74.0, 73.0, 72.0, 71.0, 70.0, 69.0, 68.0, 67.0, 66.0, 65.0, 64.0, 63.0, 62.0, 61.0, 60.0, 59.0, 58.0], "true_end": 58.0, "sensors": {"s2": [642.7, 642.87, 642.02, 642.39, 642.65, 642.25, 642.43, 643.29, 642.5, 642.34, 642.82, 643.12, 642.71, 642.39, 642.27, 642.5, 642.34, 642.56, 642.3, 642.27, 642.23, 642.31, 642.34, 642.43, 642.55, 642.62, 642.74, 642.38, 642.78, 642.77, 642.46, 643.02, 642.17, 642.9, 642.51, 642.84, 642.96, 642.59, 642.52, 642.98, 642.03, 642.39, 642.21, 642.67, 642.64, 642.15, 642.67, 642.91, 642.34, 643.28, 643.11, 642.39, 642.3, 642.52, 642.81, 643.12, 642.57, 642.18, 642.74, 642.5, 642.26, 642.23, 642.21, 643.05, 642.36, 642.74, 642.26, 642.46, 642.54, 642.83, 642.87, 643.02, 642.42, 642.54, 642.79, 642.67, 642.58, 643.07, 642.6, 642.75, 642.63, 642.82, 642.3, 642.5, 642.66, 643.02, 642.79, 642.86, 642.46, 642.08, 642.41, 642.48, 642.95, 642.72, 643.02, 642.1, 642.68, 642.25, 642.25, 642.79, 642.7, 641.99, 642.66, 642.62, 642.75, 643.06, 642.8, 642.09, 642.56, 642.62, 642.68, 642.68, 642.36, 642.68, 642.63, 642.18, 642.92, 642.86, 642.93, 642.4, 642.79, 642.98, 642.68, 642.61, 642.67, 643.03, 642.67, 642.91, 642.41, 642.78, 643.2, 643.09, 642.92, 642.88, 642.64, 642.95, 642.98, 643.17, 643.27, 643.22, 642.98, 643.01, 642.67, 643.01, 642.52, 643.23, 643.03, 642.69, 643.19, 642.77, 643.22, 642.88, 642.75, 643.28, 642.86, 642.36, 643.08, 642.18, 643.18, 642.45, 642.86, 643.66, 643.11, 643.08, 642.52, 642.8, 643.02, 642.82, 642.6],