{"unit": 161, "cycle": [1, 2, 3, 4, 5, 6, 7, 8, 9, 10, 11, 12, 13, 14, 15, 16, 17, 18, 19, 20, 21, 22, 23, 24, 25, 26, 27, 28, 29, 30, 31, 32, 33, 34, 35, 36, 37, 38, 39, 40, 41, 42, 43, 44, 45, 46, 47, 48, 49, 50, 51, 52, 53, 54, 55, 56, 57, 58, 59, 60, 61, 62, 63, 64, 65, 66, 67, 68, 69, 70, 71, 72, 73, 74, 75, 76, 77, 78, 79, 80, 81, 82, 83, 84, 85, 86, 87, 88, 89, 90, 91, 92, 93, 94, 95, 96, 97, 98, 99, 100, 101, 102, 103, 104, 105, 106, 107, 108, 109, 110, 111, 112, 113, 114, 115, 116, 117, 118, 119, 120, 121, 122, 123, 124, 125, 126, 127, 128, 129, 130, 131, 132, 133, 134, 135, 136, 137, 138, 139, 140, 141, 142, 143, 144, 145, 146, 147, 148, 149, 150, 151, 152, 153, 154, 155, 156, 157, 158, 159, 160, 161, 162, 163, 164, 165, 166, 167, 168, 169, 170, 171, 172, 173, 174, 175, 176, 177, 178, 179, 180, 181, 182, 183, 184, 185, 186, 187, 188, 189, 190, 191, 192, 193, 194, 195, 196, 197, 198, 199, 200, 201, 202, 203, 204, 205, 206, 207, 208, 209, 210, 211, 212, 213, 214, 215, 216, 217, 218, 219, 220, 221, 222, 223, 224, 225, 226, 227, 228, 229, 230, 231, 232, 233, 234, 235, 236, 237, 238, 239, 240, 241, 242, 243, 244, 245, 246, 247, 248, 249, 250, 251, 252, 253, 254, 255, 256, 257], "pred_rul": [121.4000015258789, 121.93000030517578, 121.5999984741211, 121.36000061035156, 123.68000030517578, 122.86000061035156, 122.91999816894531, 123.62000274658203, 125.97000122070312, 124.13999938964844, 123.5, 124.48999786376953, 123.20999908447266, 125.20999908447266, 124.47000122070312, 126.77999877929688, 128.77999877929688, 126.52999877929688, 125.12000274658203, 127.22000122070312, 127.3499984741211, 128.0800018310547, 127.68000030517578, 129.9600067138672, 128.11000061035156, 129.8000030517578, 128.17999267578125, 128.99000549316406, 127.75, 127.91000366210938, 126.29000091552734, 127.36000061035156, 126.33000183105469, 126.30999755859375, 124.94999694824219, 129.58999633789062, 128.27000427246094, 129.86000061035156, 128.47000122070312, 129.02000427246094, 128.0, 126.05000305175781, 127.37000274658203, 127.37999725341797, 126.87000274658203, 128.19000244140625, 127.81999969482422, 125.55999755859375, 123.80999755859375, 123.91000366210938, 123.3499984741211, 125.61000061035156, 123.83999633789062, 124.29000091552734, 123.70999908447266, 122.23999786376953, 123.23999786376953, 124.16000366210938, 126.4800033569336, 128.30999755859375, 125.19999694824219, 126.43000030517578, 125.23999786376953, 121.55000305175781, 124.23999786376953, 125.72000122070312, 127.86000061035156, 126.0199966430664, 126.94000244140625, 123.7699966430664, 122.70999908447266, 122.51000213623047, 123.1500015258789, 124.58000183105469, 125.37000274658203, 122.83999633789062, 125.37999725341797, 123.45999908447266, 121.26000213623047, 125.12999725341797, 123.52999877929688, 124.18000030517578, 127.9000015258789, 124.94000244140625, 124.0199966430664, 125.62000274658203, 123.88999938964844, 125.95999908447266, 127.61000061035156, 126.66000366210938, 124.58000183105469, 125.5, 127.5199966430664, 125.61000061035156, 124.48999786376953, 127.95999908447266, 127.38999938964844, 123.91000366210938, 124.58999633789062, 124.66000366210938, 126.70999908447266, 125.91999816894531, 124.47000122070312, 126.76000213623047, 127.30000305175781, 123.3499984741211, 124.83999633789062, 123.55999755859375, 125.2699966430664, 125.47000122070312, 123.18000030517578, 125.83000183105469, 125.77999877929688, 122.87000274658203, 122.70999908447266, 122.8499984741211, 123.08999633789062, 121.77999877929688, 122.06999969482422, 122.43000030517578, 123.4800033569336, 122.41999816894531, 124.06999969482422, 123.76000213623047, 120.94999694824219, 125.26000213623047, 121.2300033569336, 118.91999816894531, 122.58999633789062, 122.54000091552734, 121.62000274658203, 124.12999725341797, 122.05000305175781, 123.55000305175781, 124.66000366210938, 123.56999969482422, 123.63999938964844, 127.62000274658203, 125.93000030517578, 126.95999908447266, 125.41000366210938, 124.69999694824219, 124.69999694824219, 124.69000244140625, 124.97000122070312, 125.01000213623047, 124.12999725341797, 123.12000274658203, 124.4000015258789, 122.81999969482422, 121.4800033569336, 122.13999938964844, 120.87000274658203, 124.66000366210938, 121.47000122070312, 123.47000122070312, 122.22000122070312, 121.88999938964844, 124.5999984741211, 125.66000366210938, 124.30999755859375, 121.58999633789062, 122.0999984741211, 121.33999633789062, 123.45999908447266, 123.41000366210938, 122.27999877929688, 119.52999877929688, 119.16000366210938, 118.23999786376953, 119.0, 116.83999633789062, 121.16999816894531, 120.2699966430664, 119.12000274658203, 117.5199966430664, 120.80000305175781, 120.41000366210938, 117.41000366210938, 121.69000244140625, 123.05000305175781, 125.13999938964844, 120.80999755859375, 121.44000244140625, 119.6500015258789, 118.75, 118.22000122070312, 117.8499984741211, 120.51000213623047, 120.68000030517578, 120.8499984741211, 118.79000091552734, 118.75, 120.95999908447266, 119.72000122070312, 118.12000274658203, 119.80999755859375, 120.5, 118.26000213623047, 117.20999908447266, 119.19999694824219, 119.87999725341797, 118.87000274658203, 118.73999786376953, 119.06999969482422, 114.5199966430664, 114.95999908447266, 111.41000366210938, 116.19000244140625, 114.16999816894531, 114.3499984741211, 115.13999938964844, 119.44000244140625, 112.23999786376953, 114.58000183105469, 109.12999725341797, 113.37999725341797, 107.31999969482422, 106.97000122070312, 105.62999725341797, 114.5999984741211, 105.08999633789062, 112.76000213623047, 108.63999938964844, 114.54000091552734, 106.08000183105469, 107.68000030517578, 100.80000305175781, 105.62999725341797, 98.41999816894531, 105.4800033569336, 105.31999969482422, 103.7300033569336, 99.2699966430664, 100.55999755859375, 95.69000244140625, 85.06999969482422, 89.44000244140625, 82.11000061035156, 92.08000183105469, 77.27999877929688, 91.54000091552734, 81.30999755859375, 91.05999755859375, 73.13999938964844, 85.73999786376953, 75.43000030517578, 83.56999969482422, 79.33000183105469, 88.5999984741211, 83.0, 87.68000030517578, 86.29000091552734, 87.36000061035156, 88.45999908447266, 88.54000091552734, 91.33000183105469], "true_rul": [125.0, 125.0, 125.0, 125.0, 125.0, 125.0, 125.0, 125.0, 125.0, 125.0, 125.0, 125.0, 125.0, 125.0, 125.0, 125.0, 125.0, 125.0, 125.0, 125.0, 125.0, 125.0, 125.0, 125.0, 125.0, 125.0, 125.0, 125.0, 125.0, 125.0, 125.0, 125.0, 125.0, 125.0, 125.0, 125.0, 125.0, 125.0, 125.0, 125.0, 125.0, 125.0, 125.0, 125.0, 125.0, 125.0, 125.0, 125.0, 125.0, 125.0, 125.0, 125.0, 125.0, 125.0, 125.0, 125.0, 125.0, 125.0, 125.0, 125.0, 125.0, 125.0, 125.0, 125.0, 125.0, 125.0, 125.0, 125.0, 125.0, 125.0, 125.0, 125.0, 125.0, 125.0, 125.0, 125.0, 125.0, 125.0, 125.0, 125.0, 125.0, 125.0, 125.0, 125.0, 125.0, 125.0, 125.0, 125.0, 125.0, 125.0, 125.0, 125.0, 125.0, 125.0, 125.0, 125.0, 125.0, 125.0, 125.0, 125.0, 125.0, 125.0, 125.0, 125.0, 125.0, 125.0, 125.0, 125.0, 125.0, 125.0, 125.0, 125.0, 125.0, 125.0, 125.0, 125.0, 125.0, 125.0, 125.0, 125.0, 125.0, 125.0, 125.0, 125.0, 125.0, 125.0, 125.0, 125.0, 125.0, 125.0, 125.0, 125.0, 125.0, 125.0, 125.0, 125.0, 125.0, 125.0, 125.0, 125.0, 125.0, 125.0, 125.0, 125.0, 125.0, 125.0, 125.0, 125.0, 125.0, 125.0, 125.0, 125.0, 125.0, 125.0, 125.0, 125.0, 125.0, 125.0, 125.0, 125.0, 125.0, 125.0, 125.0, 125.0, 125.0, 125.0, 125.0, 125.0, 125.0, 125.0, 125.0, 125.0, 125.0, 125.0, 125.0, 125.0, 125.0, 125.0, 125.0, 125.0, 125.0, 125.0, 125.0, 125.0, 125.0, 125.0, 125.0, 125.0, 125.0, 125.0, 125.0, 125.0, 125.0, 125.0, 125.0, 125.0, 125.0, 125.0, 125.0, 125.0, 125.0, 125.0, 125.0, 125.0, 125.0, 125.0, 125.0, 125.0, 125.0, 125.0, 125.0, 125.0, 125.0, 125.0, 124.0, 123.0, 122.0, 121.0, 120.0, 119.0, 118.0, 117.0, 116.0, 115.0, 114.0, 113.0, 112.0, 111.0, 110.0, 109.0, 108.0, 107.0, 106.0, 105.0, 104.0, 103.0, 102.0, 101.0, 100.0, 99.0, 98.0, 97.0, 96.0, 95.0, 94.0, 93.0, 92.0, 91.0, 90.0, 89.0, 88.0, 87.0, 86.0, 85.0, 84.0, 83.0, 82.0], "true_end": 82.0,