{"unit": 106, "cycle": [1, 2, 3, 4, 5, 6, 7, 8, 9, 10, 11, 12, 13, 14, 15, 16, 17, 18, 19, 20, 21, 22, 23, 24, 25, 26, 27, 28, 29, 30, 31, 32, 33, 34, 35, 36, 37, 38, 39, 40, 41, 42, 43, 44, 45, 46, 47, 48, 49, 50, 51, 52, 53, 54, 55, 56, 57, 58, 59, 60, 61, 62, 63, 64, 65, 66, 67, 68, 69, 70, 71, 72], "pred_rul": [133.30999755859375, 134.64999389648438, 132.69000244140625, 131.0800018310547, 131.92999267578125, 131.02999877929688, 130.97000122070312, 128.00999450683594, 126.4800033569336, 123.04000091552734, 116.4800033569336, 110.02999877929688, 112.12999725341797, 109.18000030517578, 113.45999908447266, 115.30999755859375, 112.87000274658203, 111.30000305175781, 106.94999694824219, 111.7699966430664, 112.0, 114.37000274658203, 110.6500015258789, 109.55999755859375, 109.47000122070312, 109.52999877929688, 106.9000015258789, 104.87999725341797, 104.55000305175781, 104.0999984741211, 104.43000030517578, 105.97000122070312, 107.01000213623047, 105.98999786376953, 103.37000274658203, 104.83999633789062, 108.08000183105469, 106.5999984741211, 110.31999969482422, 105.70999908447266, 104.11000061035156, 109.8499984741211, 111.69000244140625, 116.9800033569336, 114.87000274658203, 113.69999694824219, 120.43000030517578, 123.68000030517578, 125.76000213623047, 123.18000030517578, 119.29000091552734, 119.0199966430664, 126.30999755859375, 126.61000061035156, 124.01000213623047, 122.98999786376953, 117.0, 118.38999938964844, 120.2300033569336, 114.11000061035156, 109.16000366210938, 102.83000183105469, 109.26000213623047, 106.52999877929688, 106.23999786376953, 108.54000091552734, 105.4000015258789, 101.0999984741211, 99.69999694824219, 99.4000015258789, 99.45999908447266, 100.30000305175781], "true_rul": [125.0, 125.0, 125.0, 125.0, 125.0, 125.0, 125.0, 125.0, 125.0, 125.0, 125.0, 125.0, 125.0, 125.0, 125.0, 125.0, 125.0, 125.0, 125.0, 125.0, 125.0, 125.0, 125.0, 125.0, 125.0, 125.0, 125.0, 125.0, 125.0, 125.0, 125.0, 125.0, 125.0, 125.0, 125.0, 125.0, 125.0, 125.0, 125.0, 125.0, 125.0, 125.0, 125.0, 125.0, 125.0, 125.0, 125.0, 125.0, 125.0, 125.0, 125.0, 125.0, 125.0, 125.0, 125.0, 125.0, 125.0, 125.0, 125.0, 125.0, 125.0, 125.0, 125.0, 125.0, 125.0, 125.0, 125.0, 124.0, 123.0, 122.0, 121.0, 120.0], "true_end": 120.0, "sensors": {"s2": [642.85, 606.84, 642.79, 606.87, 606.83, 604.86, 604.64, 555.79, 642.34, 642.13, 642.81, 536.59, 603.88, 642.63, 604.34, 606.91, 604.83, 536.63, 555.68, 604.84, 555.41, 604.46, 607.04, 604.39, 607.11, 555.34, 548.92, 536.67, 604.86, 607.25, 537.02, 555.47, 555.2, 555.47, 642.08, 536.93, 604.55, 549.86, 550.04, 549.76, 606.94, 604.58, 555.69, 604.67, 555.81, 607.27, 605.05, 554.99, 549.38, 536.61, 549.6, 607.07, 549.58, 555.43, 549.38, 549.4, 555.82, 641.76, 607.15, 604.72, 536.56, 555.79, 604.94, 605.0, 537.17, 550.17, 555.38, 642.88, 642.97, 536.55, 549.28, 607.75], "s3": [1591.22, 1483.22, 1584.47, 1481.32, 1488.9, 1501.82, 1504.19, 1361.31, 1587.5, 1584.35, 1584.55, 1254.1, 1497.34, 1593.27, 1495.18, 1485.16, 1493.72, 1262.97, 1372.63, 1495.55, 1360.92, 1495.98, 1483.12, 1495.81, 1482.52, 1358.89, 1356.92, 1262.69, 1497.36, 1478.12, 1260.06, 1364.04, 1367.17, 1369.84, 1581.39, 1255.77, 1502.42, 1349.79, 1359.38, 1347.02, 1488.59, 1506.58, 1350.97, 1498.19, 1369.35, 1485.5, 1502.04, 1363.92, 1352.36, 1262.24, 1354.58, 1478.34, 1345.03, 1363.07, 1345.87, 1352.73, 1360.06, 1589.26, 1478.55, 1491.55, 1258.1, 1367.52, 1499.15, 1498.93, 1258.58, 1351.51, 1367.41, 1581.17, 1580.23, 1262.53, 1350.72, 1487.11], "s4": [1403.56, 1245.46, 1407.07, 1253.17, 1245.5, 1300.64, 1304.96, 1126.63, 1402.61, 1409.34, 1407.47, 1051.02, 1296.7, 1403.9, 1299.44, 1243.96, 1305.13, 1043.15, 1131.14, 1303.1, 1134.0, 1303.06, 1245.38, 1301.62, 1247.33, 1134.76, 1121.82, 1043.93, 1304.85, 1243.32, 1043.72, 1133.42, 1122.48, 1122.4, 1400.87, 1042.72, 1307.36, 1121.23, 1128.78, 1115.96, 1244.17, 1310.58, 1124.57, 1305.48, 1132.9, 1252.46, 1296.55, 1131.3, 1124.02, 1045.01, 1129.18, 1250.47, 1120.65, 1128.87, 1128.16, 1119.8, 1132.27, 1403.51, 1246.02, 1305.11, 1047.92, 1128.24, 1309.22, 1311.24, 1043.31, 1115.19, 1129.25, 1406.81, 1397.33, 1048.27, 1122.18, 1254.77], "s11": [47.37, 44.4, 47.22, 44.32, 44.32, 45.25, 45.38, 41.97, 47.35, 47.33, 47.38, 36.74, 45.31, 47.29, 45.35, 44.33, 45.45, 36.69, 42.0, 45.2, 41.8, 45.29, 44.42, 45.31, 44.13, 41.9, 42.05, 36.76, 45.44, 44.27, 36.56, 41.76, 41.64, 41.93, 47.31, 36.67, 45.23, 41.78, 42.03, 41.88, 44.29, 45.26, 42.1, 45.32, 41.93, 44.3, 45.19, 41.84, 41.95, 36.72, 42.09, 44.44, 42.05, 41.88, 42.0, 42.21, 41.83, 47.45, 44.41, 45.44, 36.88, 41.88, 45.51, 45.23, 36.75, 42.11, 41.9, 47.35, 47.55, 36.89, 42.04, 44.26]}}